Page,Title,URL,Report Link,Total Violations,Total Passes,Critical,Serious,Moderate,Minor,Severity Score
1,Homepage | Amigos Library Services,https://amigos.org,./reports/1.html,0,44,0,0,0,0,0
10,Amigos Library Services Resource Sharing | Amigos Library Services,https://amigos.org/services/resource-sharing,./reports/10.html,0,46,0,0,0,0,0
101,San Jacinto College Partners with Amigos to Launch Online Archive | Amigos Library Services,https://amigos.org/news/san-jacinto-college-partners-amigos-launch-online-archive,./reports/101.html,0,46,0,0,0,0,0
102,Request Consulting Services | Amigos Library Services,https://amigos.org/node/2317,./reports/102.html,0,48,0,0,0,0,0
103,Course Catalog | Amigos Library Services,https://amigos.org/services/continuing-education/full-catalog?field_coursetype_target_id=37&field_topic_area_target_id=All,./reports/103.html,0,51,0,0,0,0,0
104,Course Catalog | Amigos Library Services,https://amigos.org/services/continuing-education/full-catalog?field_coursetype_target_id=34&field_topic_area_target_id=All,./reports/104.html,0,51,0,0,0,0,0
105,RDA Toolkit | Amigos Library Services,https://amigos.org/rdatoolkit,./reports/105.html,0,45,0,0,0,0,0
106,Our Present. Our Futures. The Amigos Member Conference 2025 | Amigos Library Services,https://amigos.org/membership/annual-conference/2025,./reports/106.html,0,50,0,0,0,0,0
107,Leading. Partnering. Connecting. The Amigos Member Conference 2024 | Amigos Library Services,https://amigos.org/memberconference/2024,./reports/107.html,0,45,0,0,0,0,0
108,Amigos Member Conference 2023: Libraries Plan to Succeed | Amigos Library Services,https://amigos.org/memberconference/2023,./reports/108.html,0,45,0,0,0,0,0
109,Amigos Library Services Members | Amigos Library Services,https://amigos.org/membership/member-directory?order=field_oclc_symbol&sort=asc,./reports/109.html,0,51,0,0,0,0,0
11,Digital Repository Service | Amigos Library Services,https://amigos.org/services/digital-repository,./reports/11.html,0,46,0,0,0,0,0
110,Amigos Library Services Members | Amigos Library Services,https://amigos.org/membership/member-directory?order=title&sort=desc,./reports/110.html,0,51,0,0,0,0,0
111,Amigos Library Services Members | Amigos Library Services,https://amigos.org/membership/member-directory?order=field_city&sort=asc,./reports/111.html,0,51,0,0,0,0,0
112,Amigos Library Services Members | Amigos Library Services,https://amigos.org/membership/member-directory?order=field_state&sort=asc,./reports/112.html,0,51,0,0,0,0,0
113,Member Contact Update Form | Amigos Library Services,https://amigos.org/node/9715,./reports/113.html,0,47,0,0,0,0,0
114,Institution Update Form | Amigos Library Services,https://amigos.org/node/9718,./reports/114.html,0,47,0,0,0,0,0
116,Amigos Resource Sharing Agreement | Amigos Library Services,https://amigos.org/node/266,./reports/116.html,0,44,0,0,0,0,0
117,Education & Events | Amigos Library Services,https://amigos.org/news/education-and-events,./reports/117.html,0,46,0,0,0,0,0
118,In-Person Courses in April 2026 at Austin Public Library | Amigos Library Services,https://amigos.org/news/person-courses-april-2026-austin-public-library,./reports/118.html,0,46,0,0,0,0,0
119,Adaptive Services for Staff Success: An Amigos Community Conversation | Amigos Library Services,https://amigos.org/news/adaptive-services-staff-success-amigos-community-conversation,./reports/119.html,0,46,0,0,0,0,0
12,Association Management Services | Amigos Library Services,https://amigos.org/services/association-management,./reports/12.html,0,46,0,0,0,0,0
120,New Continuing Education Newsletter Now Available | Amigos Library Services,https://amigos.org/news/new-continuing-education-newsletter-now-available,./reports/120.html,0,46,0,0,0,0,0
121,Know & Go: Performance Improvement Plans | Amigos Library Services,https://amigos.org/news/know-go-performance-improvement-plans,./reports/121.html,0,46,0,0,0,0,0
122,News | Amigos Library Services,https://amigos.org/news/archive,./reports/122.html,1,47,0,1,0,0,3
123,Resource Sharing & Services | Amigos Library Services,https://amigos.org/news/resource-sharing-and-services,./reports/123.html,0,45,0,0,0,0,0
124,Newsletters | Amigos Library Services,https://amigos.org/news/newsletters,./reports/124.html,0,46,0,0,0,0,0
125,February Conference Wrap‑Up and Recordings | Amigos Library Services,https://amigos.org/news/february-conference-wrap-and-recordings,./reports/125.html,0,46,0,0,0,0,0
126,Summer Sessions Now on the Continuing Education Schedule | Amigos Library Services,https://amigos.org/news/summer-sessions-now-continuing-education-schedule,./reports/126.html,0,46,0,0,0,0,0
127,Over 900 New Videos in Bloom’s Literature from Infobase | Amigos Library Services,https://amigos.org/news/over-900-new-videos-blooms-literature-infobase,./reports/127.html,0,46,0,0,0,0,0
128,"Infobase (Credo, Films on Demand, Facts on File) | Amigos Library Services",https://amigos.org/services/member-discounts/vendors/infobase,./reports/128.html,0,45,0,0,0,0,0
129,Subscribe to AmigosNow and/or Continued ... Newsletters | Amigos Library Services,https://amigos.org/news/newsletters/signup,./reports/129.html,0,48,0,0,0,0,0
13,Consulting | Amigos Library Services,https://amigos.org/services/consulting,./reports/13.html,0,46,0,0,0,0,0
130,Job Bank | Amigos Library Services,https://amigos.org/node/8762,./reports/130.html,0,48,0,0,0,0,0
131,Employee Benefits | Amigos Library Services,https://amigos.org/about/employment/benefits,./reports/131.html,0,44,0,0,0,0,0
132,Bibliotele | Amigos Library Services,https://amigos.org/services/member-discounts/vendors/bibliotele,./reports/132.html,0,44,0,0,0,0,0
133,Spring Trainings with Springshare | Amigos Library Services,https://amigos.org/news/spring-trainings-springshare,./reports/133.html,0,46,0,0,0,0,0
134,New Pharmacology & Toxicology Collection Free to Read for Limited Time | Amigos Library Services,https://amigos.org/news/new-pharmacology-toxicology-collection-free-read-limited-time,./reports/134.html,0,46,0,0,0,0,0
135,Springshare Introduces Incident and Issue Tracking | Amigos Library Services,https://amigos.org/news/springshare-introduces-incident-and-issue-tracking,./reports/135.html,0,46,0,0,0,0,0
136,Four New HeinOnline Databases Now Available | Amigos Library Services,https://amigos.org/news/four-new-heinonline-databases-now-available,./reports/136.html,0,46,0,0,0,0,0
137,Hein Online | Amigos Library Services,https://amigos.org/services/member-discounts/vendors/hein-online,./reports/137.html,0,44,0,0,0,0,0
138,Creative Ways to Use Bookmarks in Your Library | Amigos Library Services,https://amigos.org/news/creative-ways-use-bookmarks-your-library,./reports/138.html,0,46,0,0,0,0,0
139,BioOne Reaches Major Open Access Milestone for 2026 | Amigos Library Services,https://amigos.org/news/bioone-reaches-major-open-access-milestone-2026,./reports/139.html,0,46,0,0,0,0,0
14,Membership | Amigos Library Services,https://amigos.org/membership,./reports/14.html,0,45,0,0,0,0,0
140,Oxford Research Encyclopedias move to Oxford Academic | Amigos Library Services,https://amigos.org/news/oxford-research-encyclopedias-move-oxford-academic,./reports/140.html,0,46,0,0,0,0,0
141,Oxford University Press | Amigos Library Services,https://amigos.org/services/member-discounts/vendors/oxford-university-press,./reports/141.html,0,44,0,0,0,0,0
142,Updates and New Journals from Project MUSE | Amigos Library Services,https://amigos.org/news/updates-and-new-journals-project-muse,./reports/142.html,0,46,0,0,0,0,0
143,Project MUSE (The Johns Hopkins University Press) | Amigos Library Services,https://amigos.org/services/member-discounts/vendors/project-muse,./reports/143.html,0,45,0,0,0,0,0
144,Products & Partnerships | Amigos Library Services,https://amigos.org/news/products-and-partnerships?page=1,./reports/144.html,0,46,0,0,0,0,0
145,,https://amigos.org/taxonomy/term/1/feed,./reports/145.html,5,3,0,2,3,0,12
146,Newsletters | Amigos Library Services,https://amigos.org/newsletters,./reports/146.html,0,46,0,0,0,0,0
147,Amigos Releases 2024–25 Annual Report Highlighting a Year of Progress and Investment | Amigos Library Services,https://amigos.org/news/amigos-releases-2024-25-annual-report-highlighting-year-progress-and-investment,./reports/147.html,0,46,0,0,0,0,0
148,Kyla Hunt Joins Amigos as Library Services Trainer and Missouri Libraries 2 Go (MOLIB2GO) Coordinator | Amigos Library Services,https://amigos.org/news/kyla-hunt-joins-amigos-library-services-trainer-and-missouri-libraries-2-go-molib2go,./reports/148.html,0,46,0,0,0,0,0
149,"New Year, New Hiring! Recruit Top Talent with the Amigos Job Bank | Amigos Library Services",https://amigos.org/news/new-year-new-hiring-recruit-top-talent-amigos-job-bank,./reports/149.html,0,46,0,0,0,0,0
15,Annual Member Conference | Amigos Library Services,https://amigos.org/membership/annual-conference,./reports/15.html,0,47,0,0,0,0,0
150,Job Bank | Amigos Library Services,https://amigos.org/job_bank,./reports/150.html,0,48,0,0,0,0,0
151,Save on Registration for NISO Plus Baltimore | Amigos Library Services,https://amigos.org/news/save-registration-niso-plus-baltimore,./reports/151.html,0,46,0,0,0,0,0
152,Amigos Member Library Directors: Check Your 2024-25 Member Report Card! | Amigos Library Services,https://amigos.org/news/amigos-member-library-directors-check-your-2024-25-member-report-card,./reports/152.html,0,46,0,0,0,0,0
153,Have You Shared Your Input Yet? | Amigos Library Services,https://amigos.org/news/have-you-shared-your-input-yet,./reports/153.html,0,46,0,0,0,0,0
154,Membership & People | Amigos Library Services,https://amigos.org/news/membership-and-people?page=1,./reports/154.html,0,46,0,0,0,0,0
155,,https://amigos.org/taxonomy/term/97/feed,./reports/155.html,5,3,0,2,3,0,12
156,Course Catalog | Amigos Library Services,https://amigos.org/taxonomy/term/74,./reports/156.html,0,51,0,0,0,0,0
157,Course Catalog | Amigos Library Services,https://amigos.org/taxonomy/term/55,./reports/157.html,0,51,0,0,0,0,0
158,Course Catalog | Amigos Library Services,https://amigos.org/taxonomy/term/77,./reports/158.html,0,51,0,0,0,0,0
159,Course Catalog | Amigos Library Services,https://amigos.org/taxonomy/term/50,./reports/159.html,0,51,0,0,0,0,0
16,Amigos Library Services Members | Amigos Library Services,https://amigos.org/membership/member-directory,./reports/16.html,0,51,0,0,0,0,0
160,Course Catalog | Amigos Library Services,https://amigos.org/taxonomy/term/76,./reports/160.html,0,51,0,0,0,0,0
161,By Request Training FAQs | Amigos Library Services,https://amigos.org/node/222,./reports/161.html,0,46,0,0,0,0,0
162,ACRL Framework-Informed Best Practices for Academic Reference Services | Amigos Library Services,https://amigos.org/services/continuing-education/acrl-framework-informed-best-practices-academic-reference-services,./reports/162.html,0,45,0,0,0,0,0
163,"AI Prompting with Purpose: Building, Refining, and Testing AI Prompts for Library Work | Amigos Library Services",https://amigos.org/services/continuing-education/ai-prompting-purpose-building-refining-and-testing-ai-prompts-library,./reports/163.html,0,45,0,0,0,0,0
164,An Introduction to Research Data Management for the Accidental Data Services Librarian | Amigos Library Services,https://amigos.org/services/continuing-education/introduction-research-data-management-accidental-data-services,./reports/164.html,0,45,0,0,0,0,0
165,An Introduction to Teaching Information Literacy | Amigos Library Services,https://amigos.org/services/continuing-education/introduction-teaching-information-literacy,./reports/165.html,0,45,0,0,0,0,0
166,Authority Control: Creating and Maintaining Consistency | Amigos Library Services,https://amigos.org/services/continuing-education/authority-control-creating-and-maintaining-consistency,./reports/166.html,0,45,0,0,0,0,0
167,Back to Basics Blogs and Newsletters for Libraries | Amigos Library Services,https://amigos.org/services/continuing-education/back-basics-blogs-and-newsletters-libraries,./reports/167.html,0,45,0,0,0,0,0
168,Basic Cataloging | Amigos Library Services,https://amigos.org/services/continuing-education/basic-cataloging,./reports/168.html,0,44,0,0,0,0,0
169,Beyond Accessibility Basics | Amigos Library Services,https://amigos.org/services/continuing-education/beyond-accessibility-basics,./reports/169.html,0,44,0,0,0,0,0
17,Manage Your Membership | Amigos Library Services,https://amigos.org/membership/manage-membership,./reports/17.html,0,46,0,0,0,0,0
170,Building a Practice of Plain Language in Your Library | Amigos Library Services,https://amigos.org/services/continuing-education/building-practice-plain-language-your-library,./reports/170.html,0,45,0,0,0,0,0
171,Cataloging with RDA | Amigos Library Services,https://amigos.org/services/continuing-education/cataloging-rda-0,./reports/171.html,0,44,0,0,0,0,0
172,Chat and Online Reference Services | Amigos Library Services,https://amigos.org/services/continuing-education/chat-and-online-reference-services,./reports/172.html,0,44,0,0,0,0,0
173,Collection Management: Selection and Acquisition | Amigos Library Services,https://amigos.org/services/continuing-education/collection-management-selection-and-acquisition,./reports/173.html,0,45,0,0,0,0,0
174,Collections Reflect Communities: An Amigos Online Conference | Amigos Library Services,https://amigos.org/services/continuing-education/collections-reflect-communities-amigos-online-conference,./reports/174.html,0,45,0,0,0,0,0
175,Conducting Effective Community Needs Assessment 101 | Amigos Library Services,https://amigos.org/services/continuing-education/conducting-effective-community-needs-assessment-101,./reports/175.html,0,45,0,0,0,0,0
176,Content Strategy: The Basics | Amigos Library Services,https://amigos.org/services/continuing-education/content-strategy-basics,./reports/176.html,0,44,0,0,0,0,0
177,Controlled Vocabularies and Taxonomies | Amigos Library Services,https://amigos.org/services/continuing-education/controlled-vocabularies-and-taxonomies,./reports/177.html,0,44,0,0,0,0,0
178,Copyright 101: Helping Patrons Understand Copyright | Amigos Library Services,https://amigos.org/services/continuing-education/copyright-101-helping-patrons-understand-copyright,./reports/178.html,0,45,0,0,0,0,0
179,Creating a Library Marketing Plan | Amigos Library Services,https://amigos.org/services/continuing-education/creating-library-marketing-plan,./reports/179.html,0,45,0,0,0,0,0
18,Amigos Membership Budget Reporting Form | Amigos Library Services,https://amigos.org/membership/how-to-join/budget-reporting,./reports/18.html,0,49,0,0,0,0,0
180,Creating a Social Media Policy | Amigos Library Services,https://amigos.org/services/continuing-education/creating-social-media-policy,./reports/180.html,0,44,0,0,0,0,0
181,Creating Online Tutorials | Amigos Library Services,https://amigos.org/services/continuing-education/creating-online-tutorials,./reports/181.html,0,44,0,0,0,0,0
182,Creative Survey Design: Crafting Survey Instruments to Meet Your Library’s Research and Evaluation Needs | Amigos Library Services,https://amigos.org/services/continuing-education/creative-survey-design-crafting-survey-instruments-meet-your-0,./reports/182.html,0,45,0,0,0,0,0
183,Dealing with Difficult Interactions | Amigos Library Services,https://amigos.org/services/continuing-education/dealing-difficult-interactions,./reports/183.html,0,44,0,0,0,0,0
184,Design Thinking for Libraries | Amigos Library Services,https://amigos.org/services/continuing-education/design-thinking-libraries,./reports/184.html,0,44,0,0,0,0,0
185,Developing a Social Media Strategy | Amigos Library Services,https://amigos.org/services/continuing-education/developing-social-media-strategy,./reports/185.html,0,44,0,0,0,0,0
186,Developing Community Support and Building Creative Partnerships | Amigos Library Services,https://amigos.org/services/continuing-education/developing-community-support-and-building-creative-partnerships,./reports/186.html,0,45,0,0,0,0,0
187,Dewey Decimal Classification: The Basics | Amigos Library Services,https://amigos.org/services/continuing-education/dewey-decimal-classification-basics,./reports/187.html,0,44,0,0,0,0,0
188,Digital Accessibility in Libraries Conference | Amigos Library Services,https://amigos.org/services/continuing-education/digital-accessibility-libraries-conference,./reports/188.html,0,45,0,0,0,0,0
189,Documenting Your Library's Work | Amigos Library Services,https://amigos.org/services/continuing-education/documenting-your-librarys-work,./reports/189.html,0,44,0,0,0,0,0
19,Amigos Reciprocal Borrowing Agreements | Amigos Library Services,https://amigos.org/membership/how-to-join/reciprocal-borrowing,./reports/19.html,0,46,0,0,0,0,0
190,Doing Digital Preservation | Amigos Library Services,https://amigos.org/services/continuing-education/doing-digital-preservation,./reports/190.html,0,44,0,0,0,0,0
191,"Don’t Just Stand There, Say Something! Networking and Communication Skills for Librarians | Amigos Library Services",https://amigos.org/services/continuing-education/dont-just-stand-there-say-something-networking-and-communication,./reports/191.html,0,45,0,0,0,0,0
192,Electronic Resource Management 1: Acquisition and Implementation | Amigos Library Services,https://amigos.org/services/continuing-education/electronic-resource-management-1-acquisition-and-implementation,./reports/192.html,0,45,0,0,0,0,0
193,Electronic Resource Management 2: Maintenance and Troubleshooting | Amigos Library Services,https://amigos.org/services/continuing-education/electronic-resource-management-2-maintenance-and-troubleshooting,./reports/193.html,0,45,0,0,0,0,0
194,Electronic Resource Management 3: Assessment and Preservation | Amigos Library Services,https://amigos.org/services/continuing-education/electronic-resource-management-3-assessment-and-preservation,./reports/194.html,0,45,0,0,0,0,0
195,Electronic Resource Management: Micro-Credentialing & Capstone Project | Amigos Library Services,https://amigos.org/services/continuing-education/electronic-resource-management-micro-credentialing-capstone-project,./reports/195.html,0,48,0,0,0,0,0
196,Empowering Staff to Advocate and Guide the Library’s Story | Amigos Library Services,https://amigos.org/services/continuing-education/empowering-staff-advocate-and-guide-librarys-story,./reports/196.html,0,45,0,0,0,0,0
197,Entrepreneurial: Supporting Small Business Development in Libraries | Amigos Library Services,https://amigos.org/services/continuing-education/entrepreneurial-supporting-small-business-development-libraries,./reports/197.html,0,45,0,0,0,0,0
198,Event Planning 101 | Amigos Library Services,https://amigos.org/services/continuing-education/event-planning-101,./reports/198.html,0,44,0,0,0,0,0
199,Excellence in Library Services to Older Adults | Amigos Library Services,https://amigos.org/services/continuing-education/excellence-library-services-older-adults,./reports/199.html,0,45,0,0,0,0,0
2,Contact Us | Amigos Library Services,https://amigos.org/contact,./reports/2.html,0,49,0,0,0,0,0
20,News | Amigos Library Services,https://amigos.org/news,./reports/20.html,0,47,0,0,0,0,0
200,Foundations of Intellectual Freedom | Amigos Library Services,https://amigos.org/services/continuing-education/foundations-intellectual-freedom,./reports/200.html,0,44,0,0,0,0,0
201,Getting Started with Grant Writing | Amigos Library Services,https://amigos.org/services/continuing-education/getting-started-grant-writing,./reports/201.html,0,44,0,0,0,0,0
202,Grant Writing Essentials | Amigos Library Services,https://amigos.org/services/continuing-education/grant-writing-essentials,./reports/202.html,0,44,0,0,0,0,0
203,Graphic Design for Librarians | Amigos Library Services,https://amigos.org/services/continuing-education/graphic-design-librarians,./reports/203.html,0,44,0,0,0,0,0
204,Guided Genealogy: Following in Your Ancestor’s Footsteps | Amigos Library Services,https://amigos.org/services/continuing-education/guided-genealogy-following-your-ancestors-footsteps,./reports/204.html,0,45,0,0,0,0,0
205,How to Teach Online | Amigos Library Services,https://amigos.org/services/continuing-education/how-teach-online,./reports/205.html,0,44,0,0,0,0,0
206,Improving Accessibility Through Document Remediation | Amigos Library Services,https://amigos.org/services/continuing-education/improving-accessibility-through-document-remediation,./reports/206.html,0,45,0,0,0,0,0
207,"Incorporating Sustainability into Teaching, Programs, and Practice | Amigos Library Services",https://amigos.org/services/continuing-education/incorporating-sustainability-teaching-programs-and-practice,./reports/207.html,0,45,0,0,0,0,0
208,Information Literacy in the AI Era: Navigating Digital Information with Critical Thought | Amigos Library Services,https://amigos.org/services/continuing-education/information-literacy-ai-era-navigating-digital-information-critical,./reports/208.html,0,46,0,0,0,0,0
209,Intermediate Archives | Amigos Library Services,https://amigos.org/services/continuing-education/intermediate-archives,./reports/209.html,0,44,0,0,0,0,0
21,About Amigos Library Services | Amigos Library Services,https://amigos.org/about,./reports/21.html,0,46,0,0,0,0,0
210,Intermediate Cataloging: Subject Analysis | Amigos Library Services,https://amigos.org/services/continuing-education/intermediate-cataloging-subject-analysis,./reports/210.html,0,44,0,0,0,0,0
211,Intermediate Genealogy | Amigos Library Services,https://amigos.org/services/continuing-education/intermediate-genealogy,./reports/211.html,0,44,0,0,0,0,0
212,Introduction to Archival Practice | Amigos Library Services,https://amigos.org/services/continuing-education/introduction-archival-practice,./reports/212.html,0,44,0,0,0,0,0
213,Introduction to Health Literacy for Libraries | Amigos Library Services,https://amigos.org/services/continuing-education/introduction-health-literacy-libraries,./reports/213.html,0,45,0,0,0,0,0
214,Introduction to Library Acquisitions | Amigos Library Services,https://amigos.org/services/continuing-education/introduction-library-acquisitions,./reports/214.html,0,44,0,0,0,0,0
215,Introduction to MarcEdit | Amigos Library Services,https://amigos.org/services/continuing-education/introduction-marcedit,./reports/215.html,0,44,0,0,0,0,0
216,Introduction to Preservation | Amigos Library Services,https://amigos.org/services/continuing-education/introduction-preservation,./reports/216.html,0,44,0,0,0,0,0
217,Introduction to Programming with Python and PyMARC | Amigos Library Services,https://amigos.org/services/continuing-education/introduction-programming-python-and-pymarc,./reports/217.html,0,45,0,0,0,0,0
218,Introduction to Reference Services 1: Core Reference Skills | Amigos Library Services,https://amigos.org/services/continuing-education/introduction-reference-services-1-core-reference-skills,./reports/218.html,0,45,0,0,0,0,0
219,Introduction to Reference Services 2: The Reference Collection | Amigos Library Services,https://amigos.org/services/continuing-education/introduction-reference-services-2-reference-collection,./reports/219.html,0,45,0,0,0,0,0
22,Annual Reports | Amigos Library Services,https://amigos.org/about/annual-reports,./reports/22.html,0,45,0,0,0,0,0
220,Introduction to Reference Services 3: Reference Resources | Amigos Library Services,https://amigos.org/services/continuing-education/introduction-reference-services-3-reference-resources,./reports/220.html,0,45,0,0,0,0,0
221,Introduction to Reference Services 4: Legal and Ethical Issues in Reference Services | Amigos Library Services,https://amigos.org/services/continuing-education/introduction-reference-services-4-legal-and-ethical-issues-reference,./reports/221.html,0,45,0,0,0,0,0
222,Introduction to Serials Cataloging | Amigos Library Services,https://amigos.org/services/continuing-education/introduction-serials-cataloging,./reports/222.html,0,44,0,0,0,0,0
223,Know & Go: Agile Methodologies for Beginners | Amigos Library Services,https://amigos.org/services/continuing-education/know-go-agile-methodologies-beginners,./reports/223.html,0,45,0,0,0,0,0
224,Know & Go: AI Tools and Library Instruction | Amigos Library Services,https://amigos.org/services/continuing-education/know-go-ai-tools-and-library-instruction,./reports/224.html,0,45,0,0,0,0,0
225,Know & Go: Artificial Intelligence (AI) in Libraries | Amigos Library Services,https://amigos.org/services/continuing-education/know-go-artificial-intelligence-ai-libraries,./reports/225.html,0,45,0,0,0,0,0
226,Know & Go: Bedbugs in the Library | Amigos Library Services,https://amigos.org/services/continuing-education/know-go-bedbugs-library,./reports/226.html,0,44,0,0,0,0,0
227,Know & Go: Beginning Genealogy - Free Resources | Amigos Library Services,https://amigos.org/services/continuing-education/know-go-beginning-genealogy-free-resources,./reports/227.html,0,45,0,0,0,0,0
228,Know & Go: Building Some Truly Bodacious Book Displays | Amigos Library Services,https://amigos.org/services/continuing-education/know-go-building-some-truly-bodacious-book-displays,./reports/228.html,0,45,0,0,0,0,0
229,Know & Go: Building Teams During Times of Transition | Amigos Library Services,https://amigos.org/services/continuing-education/know-go-building-teams-during-times-transition,./reports/229.html,0,45,0,0,0,0,0
23,Amigos Library Services Strategic Plan to 2025 | Amigos Library Services,https://amigos.org/about/strategic-plan,./reports/23.html,0,46,0,0,0,0,0
230,Know & Go: Camera Ready - Quick Library Video Tips and Takes | Amigos Library Services,https://amigos.org/services/continuing-education/know-go-camera-ready-quick-library-video-tips-and-takes,./reports/230.html,0,45,0,0,0,0,0
231,Know & Go: Cataloging a Collection of Unusual Things | Amigos Library Services,https://amigos.org/services/continuing-education/know-go-cataloging-collection-unusual-things,./reports/231.html,0,45,0,0,0,0,0
232,Know & Go: Cataloging Graphic Novels | Amigos Library Services,https://amigos.org/services/continuing-education/know-go-cataloging-graphic-novels,./reports/232.html,0,44,0,0,0,0,0
233,Know & Go: Cataloging the Library of Things | Amigos Library Services,https://amigos.org/services/continuing-education/know-go-cataloging-library-things,./reports/233.html,0,45,0,0,0,0,0
234,Know & Go: Cemetery Searching for Genealogical and Local History Research | Amigos Library Services,https://amigos.org/services/continuing-education/know-go-cemetery-searching-genealogical-and-local-history-research,./reports/234.html,0,45,0,0,0,0,0
235,Know & Go: Census Records for Genealogy | Amigos Library Services,https://amigos.org/services/continuing-education/know-go-census-records-genealogy,./reports/235.html,0,44,0,0,0,0,0
236,Know & Go: Climate Literacy and Climate Change Awareness | Amigos Library Services,https://amigos.org/services/continuing-education/know-go-climate-literacy-and-climate-change-awareness,./reports/236.html,0,45,0,0,0,0,0
237,Know & Go: Collaborating with Faculty | Amigos Library Services,https://amigos.org/services/continuing-education/know-go-collaborating-faculty,./reports/237.html,0,44,0,0,0,0,0
238,Know & Go: College Students Actually Do Read | Amigos Library Services,https://amigos.org/services/continuing-education/know-go-college-students-actually-do-read,./reports/238.html,0,45,0,0,0,0,0
239,Know & Go: Conducting Effective Meetings | Amigos Library Services,https://amigos.org/services/continuing-education/know-go-conducting-effective-meetings,./reports/239.html,0,44,0,0,0,0,0
24,Governance | Amigos Library Services,https://amigos.org/about/governance,./reports/24.html,0,46,0,0,0,0,0
240,Know & Go: Crafting Compelling Copy | Amigos Library Services,https://amigos.org/services/continuing-education/know-go-crafting-compelling-copy,./reports/240.html,0,44,0,0,0,0,0
241,Know & Go: Creating a Mentorship Program at Your Library | Amigos Library Services,https://amigos.org/services/continuing-education/know-go-creating-mentorship-program-your-library,./reports/241.html,0,45,0,0,0,0,0
242,Know & Go: Creating Effective Library Policies | Amigos Library Services,https://amigos.org/services/continuing-education/know-go-creating-effective-library-policies,./reports/242.html,0,45,0,0,0,0,0
243,Know & Go: Cultivating an Accessibility Mindset | Amigos Library Services,https://amigos.org/services/continuing-education/know-go-cultivating-accessibility-mindset,./reports/243.html,0,45,0,0,0,0,0
244,Know & Go: Customer Service Basics | Amigos Library Services,https://amigos.org/services/continuing-education/know-go-customer-service-basics,./reports/244.html,0,44,0,0,0,0,0
245,Know & Go: Developing Information Literacy Lessons for First-Year College Students | Amigos Library Services,https://amigos.org/services/continuing-education/know-go-developing-information-literacy-lessons-first-year-college,./reports/245.html,0,45,0,0,0,0,0
246,Know & Go: Documenting Library Work | Amigos Library Services,https://amigos.org/services/continuing-education/know-go-documenting-library-work,./reports/246.html,0,44,0,0,0,0,0
247,Know & Go: Donation and Gift Policy Best Practices for Libraries | Amigos Library Services,https://amigos.org/services/continuing-education/know-go-donation-and-gift-policy-best-practices-libraries,./reports/247.html,0,45,0,0,0,0,0
248,"Know & Go: EDI (Equity, Diversity, and Inclusion) Organizational and Individual Self-Assessment Tools for Libraries | Amigos Library Services",https://amigos.org/services/continuing-education/know-go-edi-equity-diversity-and-inclusion-organizational-and,./reports/248.html,0,45,0,0,0,0,0
249,Know & Go: Effective Committee and Board Service | Amigos Library Services,https://amigos.org/services/continuing-education/know-go-effective-committee-and-board-service,./reports/249.html,0,45,0,0,0,0,0
25,Staff | Amigos Library Services,https://amigos.org/about/staff,./reports/25.html,0,46,0,0,0,0,0
250,Know & Go: Elevating the Library’s Voice in Emergency Response | Amigos Library Services,https://amigos.org/services/continuing-education/know-go-elevating-librarys-voice-emergency-response,./reports/250.html,0,45,0,0,0,0,0
251,Know & Go: Emerging Adulthood and Adulting Programs for Teens and College Students | Amigos Library Services,https://amigos.org/services/continuing-education/know-go-emerging-adulthood-and-adulting-programs-teens-and-college,./reports/251.html,0,45,0,0,0,0,0
252,Know & Go: Exploring Government Information | Amigos Library Services,https://amigos.org/services/continuing-education/know-go-exploring-government-information,./reports/252.html,0,45,0,0,0,0,0
253,Know & Go: From Strategic Planning to Strategic Foresight | Amigos Library Services,https://amigos.org/services/continuing-education/know-go-strategic-planning-strategic-foresight,./reports/253.html,0,45,0,0,0,0,0
254,Know & Go: Health Literacy in Libraries | Amigos Library Services,https://amigos.org/services/continuing-education/know-go-health-literacy-libraries,./reports/254.html,0,44,0,0,0,0,0
255,Know & Go: How to Catalog Kits | Amigos Library Services,https://amigos.org/services/continuing-education/know-go-how-catalog-kits,./reports/255.html,0,44,0,0,0,0,0
256,Know & Go: How to Catalog Zines | Amigos Library Services,https://amigos.org/services/continuing-education/know-go-how-catalog-zines,./reports/256.html,0,44,0,0,0,0,0
257,Know & Go: Identifying When Interactions Cross the Line | Amigos Library Services,https://amigos.org/services/continuing-education/know-go-identifying-when-interactions-cross-line,./reports/257.html,0,45,0,0,0,0,0
258,Know & Go: Interlibrary Loan Policies | Amigos Library Services,https://amigos.org/services/continuing-education/know-go-interlibrary-loan-policies,./reports/258.html,0,44,0,0,0,0,0
259,Know & Go: Introduction to Authority Control | Amigos Library Services,https://amigos.org/services/continuing-education/know-go-introduction-authority-control,./reports/259.html,0,45,0,0,0,0,0
26,Employment | Amigos Library Services,https://amigos.org/about/employment,./reports/26.html,0,46,0,0,0,0,0
260,Know & Go: Making Meetings More Effective | Amigos Library Services,https://amigos.org/services/continuing-education/know-go-making-meetings-more-effective,./reports/260.html,0,44,0,0,0,0,0
261,Know & Go: Managing Workplace Conflict | Amigos Library Services,https://amigos.org/services/continuing-education/know-go-managing-workplace-conflict,./reports/261.html,0,44,0,0,0,0,0
262,Know & Go: Manipulating Metadata with MarcEdit and OpenRefine | Amigos Library Services,https://amigos.org/services/continuing-education/know-go-manipulating-metadata-marcedit-and-openrefine,./reports/262.html,0,45,0,0,0,0,0
263,Know & Go: Mold Mitigation and Prevention | Amigos Library Services,https://amigos.org/services/continuing-education/know-go-mold-mitigation-and-prevention,./reports/263.html,0,44,0,0,0,0,0
264,Know & Go: Open Educational Resource Initiatives | Amigos Library Services,https://amigos.org/services/continuing-education/know-go-open-educational-resource-initiatives,./reports/264.html,0,47,0,0,0,0,0
265,Know & Go: Plain Language Communication in Libraries | Amigos Library Services,https://amigos.org/services/continuing-education/know-go-plain-language-communication-libraries,./reports/265.html,0,45,0,0,0,0,0
266,Know & Go: Planned Abandonment & Libraries | Amigos Library Services,https://amigos.org/services/continuing-education/know-go-planned-abandonment-libraries,./reports/266.html,0,45,0,0,0,0,0
267,Know & Go: Practical AI Prompting | Amigos Library Services,https://amigos.org/services/continuing-education/know-go-practical-ai-prompting,./reports/267.html,0,44,0,0,0,0,0
268,Know & Go: Project Management Tools | Amigos Library Services,https://amigos.org/services/continuing-education/know-go-project-management-tools,./reports/268.html,0,44,0,0,0,0,0
269,Know & Go: Quick and Easy Tips for Using Canva | Amigos Library Services,https://amigos.org/services/continuing-education/know-go-quick-and-easy-tips-using-canva,./reports/269.html,0,45,0,0,0,0,0
27,Products & Partnerships | Amigos Library Services,https://amigos.org/news/products-and-partnerships,./reports/27.html,0,46,0,0,0,0,0
270,Know & Go: Recovering from a Wind and Rain Event | Amigos Library Services,https://amigos.org/services/continuing-education/know-go-recovering-wind-and-rain-event,./reports/270.html,0,45,0,0,0,0,0
271,Know & Go: Slide Decks for Non-Designers | Amigos Library Services,https://amigos.org/services/continuing-education/know-go-slide-decks-non-designers,./reports/271.html,0,44,0,0,0,0,0
272,Know & Go: Social Services for Teens in the Library | Amigos Library Services,https://amigos.org/services/continuing-education/know-go-social-services-teens-library,./reports/272.html,0,45,0,0,0,0,0
273,Know & Go: Strategies for Designing Library Instruction on AI Tools & Chat | Amigos Library Services,https://amigos.org/services/continuing-education/know-go-strategies-designing-library-instruction-ai-tools-chat,./reports/273.html,0,45,0,0,0,0,0
274,Know & Go: Tools for Job Seekers in Libraries | Amigos Library Services,https://amigos.org/services/continuing-education/know-go-tools-job-seekers-libraries,./reports/274.html,0,45,0,0,0,0,0
275,Know & Go: Trauma-Informed Design for Libraries | Amigos Library Services,https://amigos.org/services/continuing-education/know-go-trauma-informed-design-libraries,./reports/275.html,0,45,0,0,0,0,0
276,Know & Go: Trend Scanning for Libraries | Amigos Library Services,https://amigos.org/services/continuing-education/know-go-trend-scanning-libraries,./reports/276.html,0,44,0,0,0,0,0
277,Know & Go: Trends and Changes for the Future of Libraries | Amigos Library Services,https://amigos.org/services/continuing-education/know-go-trends-and-changes-future-libraries,./reports/277.html,0,45,0,0,0,0,0
278,Know & Go: Unlocking the Benefits of Membership in Amigos Library Services | Amigos Library Services,https://amigos.org/services/continuing-education/know-go-unlocking-benefits-membership-amigos-library-services,./reports/278.html,0,45,0,0,0,0,0
279,Know & Go: Using and Creating Infographics in Libraries | Amigos Library Services,https://amigos.org/services/continuing-education/know-go-using-and-creating-infographics-libraries,./reports/279.html,0,45,0,0,0,0,0
28,Bibliotele Highlights Voices That Refuse to Fade | Amigos Library Services,https://amigos.org/news/bibliotele-highlights-voices-refuse-fade,./reports/28.html,0,46,0,0,0,0,0
280,Know & Go: Welcoming Adult Learners to Your Library with Bilingual Programming | Amigos Library Services,https://amigos.org/services/continuing-education/know-go-welcoming-adult-learners-your-library-bilingual-programming,./reports/280.html,0,45,0,0,0,0,0
281,Know & Go: Writing Effective Alternative Text | Amigos Library Services,https://amigos.org/services/continuing-education/know-go-writing-effective-alternative-text,./reports/281.html,0,45,0,0,0,0,0
282,Launching and Cultivating your Face to Face and Online Book Discussion Groups | Amigos Library Services,https://amigos.org/services/continuing-education/launching-and-cultivating-your-face-face-and-online-book-discussion,./reports/282.html,0,45,0,0,0,0,0
283,Let It Go: Weeding Your Library's Collection | Amigos Library Services,https://amigos.org/services/continuing-education/let-it-go-weeding-your-librarys-collection,./reports/283.html,0,45,0,0,0,0,0
284,Libraries Cultivating Community - an Amigos Online Conference | Amigos Library Services,https://amigos.org/services/continuing-education/libraries-cultivating-community-amigos-online-conference,./reports/284.html,0,45,0,0,0,0,0
285,Library Management: Everyday Negotiations | Amigos Library Services,https://amigos.org/services/continuing-education/library-management-everyday-negotiations,./reports/285.html,0,44,0,0,0,0,0
286,Library Management: Managing from the Middle | Amigos Library Services,https://amigos.org/services/continuing-education/library-management-managing-middle,./reports/286.html,0,45,0,0,0,0,0
287,Library Management: Managing Personnel | Amigos Library Services,https://amigos.org/services/continuing-education/library-management-managing-personnel,./reports/287.html,0,44,0,0,0,0,0
288,Library Management: Motivating & Retaining Employees | Amigos Library Services,https://amigos.org/services/continuing-education/library-management-motivating-retaining-employees,./reports/288.html,0,45,0,0,0,0,0
289,Library Management: Workplace Communication | Amigos Library Services,https://amigos.org/services/continuing-education/library-management-workplace-communication,./reports/289.html,0,45,0,0,0,0,0
29,Membership & People | Amigos Library Services,https://amigos.org/news/membership-and-people,./reports/29.html,0,46,0,0,0,0,0
290,Library of Congress Classification: The Basics | Amigos Library Services,https://amigos.org/services/continuing-education/library-congress-classification-basics,./reports/290.html,0,45,0,0,0,0,0
291,Linked Data and Libraries | Amigos Library Services,https://amigos.org/services/continuing-education/linked-data-and-libraries,./reports/291.html,0,44,0,0,0,0,0
292,Message to Media: Media Production Essentials for Library Workers | Amigos Library Services,https://amigos.org/services/continuing-education/message-media-media-production-essentials-library-workers,./reports/292.html,0,47,0,0,0,0,0
293,Metadata Principles and Practices: Metadata Basics | Amigos Library Services,https://amigos.org/services/continuing-education/metadata-principles-and-practices-metadata-basics,./reports/293.html,0,45,0,0,0,0,0
294,"Metadata Principles and Practices: Metadata Customization, Exchange, Transformation and Migration | Amigos Library Services",https://amigos.org/services/continuing-education/metadata-principles-and-practices-metadata-customization-exchange,./reports/294.html,0,45,0,0,0,0,0
295,Metadata Principles and Practices: Metadata Relationships | Amigos Library Services,https://amigos.org/services/continuing-education/metadata-principles-and-practices-metadata-relationships,./reports/295.html,0,45,0,0,0,0,0
296,Metadata Principles and Practices: Metadata Standards and Types | Amigos Library Services,https://amigos.org/services/continuing-education/metadata-principles-and-practices-metadata-standards-and-types,./reports/296.html,0,45,0,0,0,0,0
297,Metadata Principles and Practices: Micro-Credentialing & Capstone Project | Amigos Library Services,https://amigos.org/services/continuing-education/metadata-principles-and-practices-micro-credentialing-capstone,./reports/297.html,0,45,0,0,0,0,0
298,Parliamentary Procedure 101 | Amigos Library Services,https://amigos.org/services/continuing-education/parliamentary-procedure-101,./reports/298.html,0,44,0,0,0,0,0
299,PDA: Collection Love through Patron Driven Acquisition | Amigos Library Services,https://amigos.org/services/continuing-education/pda-collection-love-through-patron-driven-acquisition,./reports/299.html,0,45,0,0,0,0,0
3,Joining Amigos Library Services | Amigos Library Services,https://amigos.org/membership/how-to-join,./reports/3.html,0,50,0,0,0,0,0
30,Candidates for election to the Amigos Board of Directors | Amigos Library Services,https://amigos.org/news/candidates-election-amigos-board-directors-0,./reports/30.html,0,46,0,0,0,0,0
300,Project Management Skills for Non-PMPs | Amigos Library Services,https://amigos.org/services/continuing-education/project-management-skills-non-pmps,./reports/300.html,0,44,0,0,0,0,0
301,RDA for Audio Recordings | Amigos Library Services,https://amigos.org/services/continuing-education/rda-audio-recordings,./reports/301.html,0,44,0,0,0,0,0
302,RDA for Video Recordings | Amigos Library Services,https://amigos.org/services/continuing-education/rda-video-recordings,./reports/302.html,0,44,0,0,0,0,0
303,Reference and Information Services | Amigos Library Services,https://amigos.org/services/continuing-education/reference-and-information-services,./reports/303.html,0,44,0,0,0,0,0
304,Reference Management: A New Approach | Amigos Library Services,https://amigos.org/services/continuing-education/reference-management-new-approach,./reports/304.html,0,44,0,0,0,0,0
305,Reference Policies | Amigos Library Services,https://amigos.org/services/continuing-education/reference-policies,./reports/305.html,0,44,0,0,0,0,0
306,Serving the Neurodiverse Library User | Amigos Library Services,https://amigos.org/services/continuing-education/serving-neurodiverse-library-user,./reports/306.html,0,44,0,0,0,0,0
307,Strategic Communication Planning for Libraries | Amigos Library Services,https://amigos.org/services/continuing-education/strategic-communication-planning-libraries,./reports/307.html,0,45,0,0,0,0,0
308,Strategies for Creating and Rebuilding Library Partnerships | Amigos Library Services,https://amigos.org/services/continuing-education/strategies-creating-and-rebuilding-library-partnerships,./reports/308.html,0,45,0,0,0,0,0
309,Streamlining Library Workflows and Processes | Amigos Library Services,https://amigos.org/services/continuing-education/streamlining-library-workflows-and-processes,./reports/309.html,0,45,0,0,0,0,0
31,Voting Representatives: A test email message is coming soon | Amigos Library Services,https://amigos.org/news/voting-representatives-test-email-message-coming-soon,./reports/31.html,0,46,0,0,0,0,0
310,The Accidental Library Fundraiser | Amigos Library Services,https://amigos.org/services/continuing-education/accidental-library-fundraiser,./reports/310.html,0,44,0,0,0,0,0
311,The Essentials: Conducting the Reference Interview | Amigos Library Services,https://amigos.org/services/continuing-education/essentials-conducting-reference-interview,./reports/311.html,0,45,0,0,0,0,0
312,The Essentials: Customer Service | Amigos Library Services,https://amigos.org/services/continuing-education/essentials-customer-service,./reports/312.html,0,44,0,0,0,0,0
313,The Essentials: Library Values | Amigos Library Services,https://amigos.org/services/continuing-education/essentials-library-values,./reports/313.html,0,44,0,0,0,0,0
314,The Essentials: Workplace Communication | Amigos Library Services,https://amigos.org/services/continuing-education/essentials-workplace-communication,./reports/314.html,0,44,0,0,0,0,0
315,The Hive: Unlocking the Power of APIs in Libraries | Amigos Library Services,https://amigos.org/services/continuing-education/hive-unlocking-power-apis-libraries,./reports/315.html,0,45,0,0,0,0,0
316,The Reference Collection | Amigos Library Services,https://amigos.org/services/continuing-education/reference-collection,./reports/316.html,0,44,0,0,0,0,0
317,The Usable and Accessible Library Space | Amigos Library Services,https://amigos.org/services/continuing-education/usable-and-accessible-library-space,./reports/317.html,0,44,0,0,0,0,0
318,Toward Trans-Inclusive Librarianship | Amigos Library Services,https://amigos.org/services/continuing-education/toward-trans-inclusive-librarianship,./reports/318.html,0,44,0,0,0,0,0
319,Transparency in Library Communication | Amigos Library Services,https://amigos.org/services/continuing-education/transparency-library-communication,./reports/319.html,0,44,0,0,0,0,0
32,CFP Open for The Ways We Thrive: The Amigos Member Conference 2026 | Amigos Library Services,https://amigos.org/news/cfp-open-ways-we-thrive-amigos-member-conference-2026,./reports/32.html,0,46,0,0,0,0,0
320,Understanding and Assisting Library Patrons on the Autism Spectrum | Amigos Library Services,https://amigos.org/services/continuing-education/understanding-and-assisting-library-patrons-autism-spectrum,./reports/320.html,0,45,0,0,0,0,0
321,Understanding Needs of Patrons with Mental Disorders and Improving Self-Care for Library Professionals | Amigos Library Services,https://amigos.org/services/continuing-education/understanding-needs-patrons-mental-disorders-and-improving-self-care,./reports/321.html,0,45,0,0,0,0,0
322,Understanding the Needs of Library Users with a Personality Disorder | Amigos Library Services,https://amigos.org/services/continuing-education/understanding-needs-library-users-personality-disorder,./reports/322.html,0,45,0,0,0,0,0
323,Volunteers in the Library | Amigos Library Services,https://amigos.org/services/continuing-education/volunteers-library,./reports/323.html,0,44,0,0,0,0,0
324,Web Design and Accessibility | Amigos Library Services,https://amigos.org/services/continuing-education/web-design-and-accessibility,./reports/324.html,0,44,0,0,0,0,0
325,Website Accessibility for Everyone | Amigos Library Services,https://amigos.org/services/continuing-education/website-accessibility-everyone,./reports/325.html,0,44,0,0,0,0,0
326,Know & Go Session Recording Registration Form | Amigos Library Services,https://amigos.org/node/8564,./reports/326.html,0,48,0,0,0,0,0
327,Access denied | Amigos Library Services,https://amigos.org/services/continuing-education/discover-hyku-empowering-libraries-open-source-repository-solutions,./reports/327.html,0,45,0,0,0,0,0
328,Access denied | Amigos Library Services,https://amigos.org/services/continuing-education/hive-tips-and-tricks-using-generative-ai,./reports/328.html,0,45,0,0,0,0,0
329,TAE | Login,https://amigos.org/services/trans-amigos-express/disruption-of-service,./reports/329.html,2,23,0,0,6,0,12
33,Joining Amigos Library Services | Amigos Library Services,https://amigos.org/node/2566,./reports/33.html,0,50,0,0,0,0,0
330,TAE | Login,https://amigos.org/services/trans-amigos-express/holiday-closing-report,./reports/330.html,2,23,0,0,6,0,12
331,TAE | Login,https://amigos.org/services/trans-amigos-express/lost-damaged-items,./reports/331.html,2,23,0,0,6,0,12
332,TAE | Login,https://amigos.org/services/trans-amigos-express/tae-supply-request,./reports/332.html,2,23,0,0,6,0,12
333,Participants | Amigos Library Services,https://amigos.org/services/trans-amigos-express/participants?order=field_tae_site_number&sort=asc,./reports/333.html,0,50,0,0,0,0,0
334,Participants | Amigos Library Services,https://amigos.org/services/trans-amigos-express/participants?order=field_tae_hub&sort=asc,./reports/334.html,0,50,0,0,0,0,0
335,Participants | Amigos Library Services,https://amigos.org/services/trans-amigos-express/participants?order=field_oclc_symbol&sort=asc,./reports/335.html,0,50,0,0,0,0,0
336,Participants | Amigos Library Services,https://amigos.org/services/trans-amigos-express/participants?order=field_tae_type&sort=asc,./reports/336.html,0,50,0,0,0,0,0
337,Participants | Amigos Library Services,https://amigos.org/services/trans-amigos-express/participants?order=field_tae_service_level&sort=asc,./reports/337.html,0,50,0,0,0,0,0
338,Participants | Amigos Library Services,https://amigos.org/services/trans-amigos-express/participants?order=title&sort=desc,./reports/338.html,0,50,0,0,0,0,0
339,Participants | Amigos Library Services,https://amigos.org/services/trans-amigos-express/participants?order=field_city&sort=asc,./reports/339.html,0,50,0,0,0,0,0
34,Know & Go: Performance Improvement Plans | Amigos Library Services,https://amigos.org/services/continuing-education/know-go-performance-improvement-plans,./reports/34.html,0,46,0,0,0,0,0
340,Participants | Amigos Library Services,https://amigos.org/services/trans-amigos-express/participants?order=field_state&sort=asc,./reports/340.html,0,50,0,0,0,0,0
341,"Packaging, Labels, Bags, and Requirements | Amigos Library Services",https://amigos.org/services/trans-amigos-express/guidelines-labeling/packing-requirements,./reports/341.html,0,46,0,0,0,0,0
342,"Reporting - Service Disruptions, and Holidays | Amigos Library Services",https://amigos.org/services/trans-amigos-express/guidelines-labeling/reporting,./reports/342.html,0,46,0,0,0,0,0
343,Lost and Damaged Items | Amigos Library Services,https://amigos.org/services/trans-amigos-express/guidelines-labeling/lost-and-damaged-items,./reports/343.html,0,45,0,0,0,0,0
344,Information on the Texas Armadillo Network for Libraries | Amigos Library Services,https://amigos.org/services/trans-amigos-express/guidelines-labeling/texas-armadillo-network,./reports/344.html,0,46,0,0,0,0,0
345,"Able Card, LLC | Amigos Library Services",https://amigos.org/services/member-discounts/discount-direct/able-card,./reports/345.html,0,44,0,0,0,0,0
346,After-Mouse.com | Amigos Library Services,https://amigos.org/services/member-discounts/discount-direct/after-mouse,./reports/346.html,0,45,0,0,0,0,0
347,Archival Methods | Amigos Library Services,https://amigos.org/services/member-discounts/discount-direct/archival-methods,./reports/347.html,0,44,0,0,0,0,0
348,Backstage Library Works | Amigos Library Services,https://amigos.org/services/member-discounts/discount-direct/backstage-library-works,./reports/348.html,0,44,0,0,0,0,0
349,Bibliotheca | Amigos Library Services,https://amigos.org/services/member-discounts/discount-direct/bibliotheca,./reports/349.html,0,44,0,0,0,0,0
35,Understanding and Supporting Neurodiverse Colleagues | Amigos Library Services,https://amigos.org/services/continuing-education/understanding-and-supporting-neurodiverse-colleagues,./reports/35.html,0,47,0,0,0,0,0
350,Brodart | Amigos Library Services,https://amigos.org/services/member-discounts/discount-direct/brodart,./reports/350.html,0,44,0,0,0,0,0
351,Cloudsource OA | Amigos Library Services,https://amigos.org/services/member-discounts/discount-direct/cloudsource-oa,./reports/351.html,0,45,0,0,0,0,0
352,DEMCO | Amigos Library Services,https://amigos.org/services/member-discounts/discount-direct/demco,./reports/352.html,0,44,0,0,0,0,0
353,Gaylord Archival | Amigos Library Services,https://amigos.org/services/member-discounts/discount-direct/gaylord-archival,./reports/353.html,0,44,0,0,0,0,0
354,Hollinger Metal Edge | Amigos Library Services,https://amigos.org/services/member-discounts/discount-direct/hollinger-metal-edge,./reports/354.html,0,44,0,0,0,0,0
355,Kapco Book Protection | Amigos Library Services,https://amigos.org/services/member-discounts/discount-direct/kapco-book-protection,./reports/355.html,0,44,0,0,0,0,0
356,Niche Academy | Amigos Library Services,https://amigos.org/services/member-discounts/discount-direct/niche-academy,./reports/356.html,0,44,0,0,0,0,0
357,Pressbooks | Amigos Library Services,https://amigos.org/services/member-discounts/discount-direct/pressbooks,./reports/357.html,0,45,0,0,0,0,0
358,"R.E.P. Industries, Inc. | Amigos Library Services",https://amigos.org/services/member-discounts/discount-direct/rep-industries,./reports/358.html,0,44,0,0,0,0,0
359,Skilltype | Amigos Library Services,https://amigos.org/services/member-discounts/discount-direct/skilltype,./reports/359.html,0,45,0,0,0,0,0
36,Adaptive Services for Staff Success: An Amigos Community Conversation | Amigos Library Services,https://amigos.org/services/continuing-education/adaptive-services-staff-success-amigos-community-conversation,./reports/36.html,0,47,0,0,0,0,0
360,The Library Store | Amigos Library Services,https://amigos.org/services/member-discounts/discount-direct/the-library-store,./reports/360.html,0,44,0,0,0,0,0
361,ABC-CLIO | Amigos Library Services,https://amigos.org/services/member-discounts/vendors/ABC-CLIO,./reports/361.html,0,44,0,0,0,0,0
362,Alexander Street Press | Amigos Library Services,https://amigos.org/services/member-discounts/vendors/Alexander-street-press,./reports/362.html,0,44,0,0,0,0,0
363,Altarama | Amigos Library Services,https://amigos.org/services/member-discounts/vendors/altarama,./reports/363.html,0,44,0,0,0,0,0
364,AM (Adam Matthew) | Amigos Library Services,https://amigos.org/services/member-discounts/vendors/Adam-matthew,./reports/364.html,0,45,0,0,0,0,0
365,Ambrose Video Publishing | Amigos Library Services,https://amigos.org/services/member-discounts/vendors/ambrose-video-publishing,./reports/365.html,0,44,0,0,0,0,0
366,Asia-Studies Full-Text Online | Amigos Library Services,https://amigos.org/services/member-discounts/vendors/asia-studies,./reports/366.html,0,44,0,0,0,0,0
367,ASME - American Society of Mechanical Engineers | Amigos Library Services,https://amigos.org/services/member-discounts/vendors/asme,./reports/367.html,0,45,0,0,0,0,0
368,"Atlas Systems, Inc. | Amigos Library Services",https://amigos.org/services/member-discounts/vendors/atlas-systems,./reports/368.html,0,44,0,0,0,0,0
369,BioOne | Amigos Library Services,https://amigos.org/services/member-discounts/vendors/bioone,./reports/369.html,0,46,0,0,0,0,0
37,Cataloging & Classification Basics | Amigos Library Services,https://amigos.org/services/continuing-education/cataloging-classification-basics,./reports/37.html,0,46,0,0,0,0,0
370,Bloomsbury Publishing | Amigos Library Services,https://amigos.org/services/member-discounts/vendors/bloomsbury,./reports/370.html,0,45,0,0,0,0,0
371,BoardDocs® Board Management Solutions | Amigos Library Services,https://amigos.org/services/member-discounts/vendors/boarddocs,./reports/371.html,0,45,0,0,0,0,0
372,BrowZine by Third Iron | Amigos Library Services,https://amigos.org/services/member-discounts/vendors/third-iron,./reports/372.html,0,45,0,0,0,0,0
373,Cahiers d’Art Institute (Artifex Press) | Amigos Library Services,https://amigos.org/services/member-discounts/vendors/cahiers-dart,./reports/373.html,0,45,0,0,0,0,0
374,Cambridge University Press | Amigos Library Services,https://amigos.org/services/member-discounts/vendors/cambridge-university-press,./reports/374.html,0,44,0,0,0,0,0
375,CLCD | Amigos Library Services,https://amigos.org/services/member-discounts/vendors/clcd,./reports/375.html,0,44,0,0,0,0,0
376,Columbia University Press | Amigos Library Services,https://amigos.org/services/member-discounts/vendors/columbia-university-press,./reports/376.html,0,44,0,0,0,0,0
377,Data-Planet | Amigos Library Services,https://amigos.org/services/member-discounts/vendors/data-planet,./reports/377.html,0,44,0,0,0,0,0
378,Data2 | Amigos Library Services,https://amigos.org/services/member-discounts/vendors/data2,./reports/378.html,0,44,0,0,0,0,0
379,DEMCO Software | Amigos Library Services,https://amigos.org/services/member-discounts/vendors/demco-software,./reports/379.html,0,45,0,0,0,0,0
38,Continuing Education Services | Amigos Library Services,https://amigos.org/node/4470,./reports/38.html,0,48,0,0,0,0,0
380,DOAJ (Directory of Open Access Journals) | Amigos Library Services,https://amigos.org/services/member-discounts/vendors/DOAJ,./reports/380.html,0,44,0,0,0,0,0
381,Docuseek2 | Amigos Library Services,https://amigos.org/services/member-discounts/vendors/docuseek,./reports/381.html,0,45,0,0,0,0,0
382,Duke University Press | Amigos Library Services,https://amigos.org/services/member-discounts/vendors/duke-university-press,./reports/382.html,0,44,0,0,0,0,0
383,Edcetera | Amigos Library Services,https://amigos.org/services/member-discounts/vendors/edcetera,./reports/383.html,0,45,0,0,0,0,0
384,Harvard University Press | Amigos Library Services,https://amigos.org/services/member-discounts/vendors/harvard-university-press,./reports/384.html,0,45,0,0,0,0,0
385,Latin American Studies Full-Text Online | Amigos Library Services,https://amigos.org/services/member-discounts/vendors/latin-american-studies,./reports/385.html,0,44,0,0,0,0,0
386,LexisNexis | Amigos Library Services,https://amigos.org/services/member-discounts/vendors/lexis-nexis,./reports/386.html,0,44,0,0,0,0,0
387,Mango Languages | Amigos Library Services,https://amigos.org/services/member-discounts/vendors/mango-languages,./reports/387.html,0,45,0,0,0,0,0
388,McGraw Hill | Amigos Library Services,https://amigos.org/services/member-discounts/vendors/mcgraw-hill,./reports/388.html,0,44,0,0,0,0,0
389,Morningstar | Amigos Library Services,https://amigos.org/services/member-discounts/vendors/morningstar,./reports/389.html,0,44,0,0,0,0,0
39,Course Catalog | Amigos Library Services,https://amigos.org/services/continuing-education/full-catalog,./reports/39.html,0,51,0,0,0,0,0
390,Mosio For Libraries (formerly known as Text A Librarian) | Amigos Library Services,https://amigos.org/services/member-discounts/vendors/mosio,./reports/390.html,0,45,0,0,0,0,0
391,myLIBRO | Amigos Library Services,https://amigos.org/services/member-discounts/vendors/mylibro,./reports/391.html,0,45,0,0,0,0,0
392,"Naxos Online Libraries, Inc. | Amigos Library Services",https://amigos.org/services/member-discounts/vendors/naxos,./reports/392.html,0,44,0,0,0,0,0
393,NoodleTools | Amigos Library Services,https://amigos.org/services/member-discounts/vendors/noodletools,./reports/393.html,0,44,0,0,0,0,0
394,Optimal Resume | Amigos Library Services,https://amigos.org/services/member-discounts/vendors/optimal-resume,./reports/394.html,0,45,0,0,0,0,0
395,Ovid | Amigos Library Services,https://amigos.org/services/member-discounts/vendors/ovid,./reports/395.html,0,44,0,0,0,0,0
396,PolicyMap | Amigos Library Services,https://amigos.org/services/member-discounts/vendors/policymap,./reports/396.html,0,45,0,0,0,0,0
397,PowerNotes | Amigos Library Services,https://amigos.org/services/member-discounts/vendors/powernotes,./reports/397.html,0,44,0,0,0,0,0
398,PrivCo | Amigos Library Services,https://amigos.org/services/member-discounts/vendors/privco,./reports/398.html,0,44,0,0,0,0,0
399,ProQuest | Amigos Library Services,https://amigos.org/services/member-discounts/vendors/proquest,./reports/399.html,0,44,0,0,0,0,0
4,Services | Amigos Library Services,https://amigos.org/services,./reports/4.html,0,44,0,0,0,0,0
40,Free for Members | Amigos Library Services,https://amigos.org/services/continuing-education/free-courses,./reports/40.html,0,49,0,0,0,0,0
400,Research Solutions | Amigos Library Services,https://amigos.org/services/member-discounts/vendors/research-solutions,./reports/400.html,1,44,0,0,1,0,2
401,Rock's Backpages | Amigos Library Services,https://amigos.org/services/member-discounts/vendors/rocks-backpages,./reports/401.html,0,45,0,0,0,0,0
402,SAGE Publications (including CQ Press) | Amigos Library Services,https://amigos.org/services/member-discounts/vendors/sage-publications,./reports/402.html,0,45,0,0,0,0,0
403,Schlager Group | Amigos Library Services,https://amigos.org/services/member-discounts/vendors/schlager-group,./reports/403.html,0,44,0,0,0,0,0
404,Social Explorer | Amigos Library Services,https://amigos.org/services/member-discounts/vendors/social-explorer,./reports/404.html,0,44,0,0,0,0,0
405,Springshare | Amigos Library Services,https://amigos.org/services/member-discounts/vendors/springshare,./reports/405.html,0,45,0,0,0,0,0
406,Taylor & Francis Group | Amigos Library Services,https://amigos.org/services/member-discounts/vendors/taylor-and-francis,./reports/406.html,0,44,0,0,0,0,0
407,The New York Times | Amigos Library Services,https://amigos.org/services/member-discounts/vendors/new-york-times,./reports/407.html,0,44,0,0,0,0,0
408,Top Graphics | Amigos Library Services,https://amigos.org/services/member-discounts/vendors/top-graphics,./reports/408.html,0,44,0,0,0,0,0
409,Watson Label Products | Amigos Library Services,https://amigos.org/services/member-discounts/vendors/watson-label-products,./reports/409.html,0,44,0,0,0,0,0
41,Amigos Micro-Credential Program | Amigos Library Services,https://amigos.org/services/continuing-education/microcredential-program,./reports/41.html,0,46,0,0,0,0,0
410,WoltersKluwer | Amigos Library Services,https://amigos.org/services/member-discounts/vendors/wolters-kluwer,./reports/410.html,0,45,0,0,0,0,0
411,Why Hyku? Why a Repository Solution? | Amigos Library Services,https://amigos.org/news/why-hyku-why-repository-solution,./reports/411.html,0,46,0,0,0,0,0
412,Amigos Library Services Joins the Samvera Community | Amigos Library Services,https://amigos.org/news/amigos-library-services-joins-samvera-community,./reports/412.html,0,46,0,0,0,0,0
413,Digital Repository Service | Amigos Library Services,https://amigos.org/services/hyku,./reports/413.html,0,46,0,0,0,0,0
414,Hyku Session Recording Registration Form | Amigos Library Services,https://amigos.org/services/hyku/webinars/recording-form,./reports/414.html,0,44,0,0,0,0,0
415,Course Catalog | Amigos Library Services,https://amigos.org/taxonomy/term/90,./reports/415.html,0,51,0,0,0,0,0
416,Course Catalog | Amigos Library Services,https://amigos.org/taxonomy/term/78,./reports/416.html,0,51,0,0,0,0,0
417,Copyright | Amigos Library Services,https://amigos.org/taxonomy/term/58,./reports/417.html,0,45,0,0,0,0,0
418,Course Catalog | Amigos Library Services,https://amigos.org/taxonomy/term/79,./reports/418.html,0,51,0,0,0,0,0
419,Course Catalog | Amigos Library Services,https://amigos.org/taxonomy/term/57,./reports/419.html,0,51,0,0,0,0,0
42,By Request Training FAQs | Amigos Library Services,https://amigos.org/services/continuing-education/by-request-training-faqs,./reports/42.html,0,46,0,0,0,0,0
420,Course Catalog | Amigos Library Services,https://amigos.org/taxonomy/term/73,./reports/420.html,0,51,0,0,0,0,0
421,Collection Development | Amigos Library Services,https://amigos.org/taxonomy/term/80,./reports/421.html,0,45,0,0,0,0,0
422,"Technical Services Academic Librarian -- Central Texas College -- Killeen, TX | Amigos Library Services",https://amigos.org/services/job-bank/technical-services-academic-librarian-central-texas-college-killeen-tx,./reports/422.html,2,46,0,1,1,0,5
423,"Health Professions Librarian - Clinical Assistant Professor -- Sam Houston State University -- Huntsville, TX | Amigos Library Services",https://amigos.org/services/job-bank/health-professions-librarian-clinical-assistant-professor-sam-houston-state,./reports/423.html,0,45,0,0,0,0,0
424,"Librarian, Reference & Collection Development -- College of the Mainland -- Texas City, TX | Amigos Library Services",https://amigos.org/services/job-bank/librarian-reference-collection-development-college-mainland-texas-city-tx,./reports/424.html,0,45,0,0,0,0,0
425,"Head Librarian -- Missouri Historical Society -- St. Louis, MO | Amigos Library Services",https://amigos.org/services/job-bank/head-librarian-missouri-historical-society-st-louis-mo,./reports/425.html,1,45,0,0,1,0,2
426,"Digital Humanities Archivist -- Louisiana State University -- Shreveport, LA | Amigos Library Services",https://amigos.org/services/job-bank/digital-humanities-archivist-louisiana-state-university-shreveport-la,./reports/426.html,0,45,0,0,0,0,0
427,"Business Librarian -- Baylor University -- Waco, TX | Amigos Library Services",https://amigos.org/services/job-bank/business-librarian-baylor-university-waco-tx,./reports/427.html,0,45,0,0,0,0,0
428,All Sessions | Amigos Library Services,https://amigos.org/node/12794,./reports/428.html,0,45,0,0,0,0,0
429,Page not found | Amigos Library Services,https://amigos.org/node/12794%20,./reports/429.html,0,45,0,0,0,0,0
43,Trans-Amigos Express Forms | Amigos Library Services,https://amigos.org/services/trans-amigos-express/forms,./reports/43.html,0,45,0,0,0,0,0
430,All Sessions | Amigos Library Services,https://amigos.org/node/12725,./reports/430.html,0,44,0,0,0,0,0
431,Page not found | Amigos Library Services,https://amigos.org/node/12725%20,./reports/431.html,0,45,0,0,0,0,0
432,Libraries Cultivate Community | Amigos Library Services,https://amigos.org/node/12651,./reports/432.html,0,44,0,0,0,0,0
433,Page not found | Amigos Library Services,https://amigos.org/node/12651%20,./reports/433.html,0,45,0,0,0,0,0
434,Collections Reflect Communities | Amigos Library Services,https://amigos.org/node/12485,./reports/434.html,0,44,0,0,0,0,0
435,Page not found | Amigos Library Services,https://amigos.org/node/12485%20,./reports/435.html,0,45,0,0,0,0,0
436,Our Present. Our Futures. The Amigos Member Conference 2025 - Board Candidates | Amigos Library Services,https://amigos.org/node/12488,./reports/436.html,0,44,0,0,0,0,0
437,Our Present. Our Futures. The Amigos Member Conference 2025 | Amigos Library Services,https://amigos.org/node/12502,./reports/437.html,0,44,0,0,0,0,0
438,Page not found | Amigos Library Services,https://amigos.org/node/12502%20,./reports/438.html,0,45,0,0,0,0,0
439,Leading. Partnering. Connecting. The Amigos Member Conference 2024 - Board Candidates | Amigos Library Services,https://amigos.org/node/8664,./reports/439.html,0,44,0,0,0,0,0
44,Participants | Amigos Library Services,https://amigos.org/services/trans-amigos-express/participants,./reports/44.html,0,50,0,0,0,0,0
440,Leading. Partnering. Connecting. The Amigos Member Conference 2024 - Schedule | Amigos Library Services,https://amigos.org/node/8663,./reports/440.html,0,44,0,0,0,0,0
441,Leading. Partnering. Connecting. The Amigos Member Conference 2024 - Speakers | Amigos Library Services,https://amigos.org/node/8666,./reports/441.html,0,45,0,0,0,0,0
442,Leading. Partnering. Connecting. The Amigos Member Conference 2024 - Sponsors | Amigos Library Services,https://amigos.org/node/8665,./reports/442.html,0,48,0,0,0,0,0
443,Amigos Member Conference 2023: Libraries Plan to Succeed - Board Candidates | Amigos Library Services,https://amigos.org/node/8141,./reports/443.html,0,44,0,0,0,0,0
444,Amigos Member Conference 2023: Libraries Plan to Succeed - Schedule | Amigos Library Services,https://amigos.org/node/8196,./reports/444.html,0,45,0,0,0,0,0
445,Amigos Member Conference 2023: Libraries Plan to Succeed - Speakers | Amigos Library Services,https://amigos.org/node/8195,./reports/445.html,0,45,0,0,0,0,0
446,Amigos Member Conference 2023: Libraries Plan to Succeed - Sponsors | Amigos Library Services,https://amigos.org/node/8188,./reports/446.html,0,48,0,0,0,0,0
447,ASME - American Society of Mechanical Engineers | Amigos Library Services,https://amigos.org/node/2854,./reports/447.html,0,45,0,0,0,0,0
448,Bloomsbury Publishing | Amigos Library Services,https://amigos.org/node/2742,./reports/448.html,0,45,0,0,0,0,0
449,Project MUSE (The Johns Hopkins University Press) | Amigos Library Services,https://amigos.org/node/1611,./reports/449.html,0,45,0,0,0,0,0
45,Courier Service Guidelines & Labeling Information | Amigos Library Services,https://amigos.org/services/trans-amigos-express/guidelines-labeling,./reports/45.html,0,46,0,0,0,0,0
450,Amigos Library Services Members | Amigos Library Services,https://amigos.org/membership/member-directory?order=field_oclc_symbol&sort=desc,./reports/450.html,0,51,0,0,0,0,0
451,Amigos Library Services Members | Amigos Library Services,https://amigos.org/membership/member-directory?order=title&sort=asc,./reports/451.html,0,51,0,0,0,0,0
452,Amigos Library Services Members | Amigos Library Services,https://amigos.org/membership/member-directory?order=field_city&sort=desc,./reports/452.html,0,51,0,0,0,0,0
453,Amigos Library Services Members | Amigos Library Services,https://amigos.org/membership/member-directory?order=field_state&sort=desc,./reports/453.html,0,51,0,0,0,0,0
454,Last Chance to Register for Digital Accessibility Conference | Amigos Library Services,https://amigos.org/news/last-chance-register-digital-accessibility-conference,./reports/454.html,0,46,0,0,0,0,0
455,Invite Your Student Workers and Volunteers to Customer Service Basics for Free | Amigos Library Services,https://amigos.org/news/invite-your-student-workers-and-volunteers-customer-service-basics-free,./reports/455.html,0,46,0,0,0,0,0
456,Speakers Announced for March 17 Session on APIs in Libraries | Amigos Library Services,https://amigos.org/news/speakers-announced-march-17-session-apis-libraries,./reports/456.html,0,46,0,0,0,0,0
457,Amy Drayer to Keynote Digital Accessibility in Libraries Conference | Amigos Library Services,https://amigos.org/news/amy-drayer-keynote-digital-accessibility-libraries-conference,./reports/457.html,0,46,0,0,0,0,0
458,Education & Events | Amigos Library Services,https://amigos.org/news/education-and-events?page=1,./reports/458.html,0,46,0,0,0,0,0
459,,https://amigos.org/taxonomy/term/96/feed,./reports/459.html,5,3,0,2,3,0,12
46,Discount Direct | Amigos Library Services,https://amigos.org/services/member-discounts/discount-direct,./reports/46.html,0,52,0,0,0,0,0
460,Subscribe to AmigosNow and/or Continued ... Newsletters | Amigos Library Services,https://amigos.org/news/newsletters/signup?which_newsletter_do_you_wish_to_subscribe_to=Continued,./reports/460.html,0,48,0,0,0,0,0
461,News | Amigos Library Services,https://amigos.org/news/archive?page=0,./reports/461.html,1,47,0,1,0,0,3
462,News | Amigos Library Services,https://amigos.org/news/archive?page=1,./reports/462.html,1,47,0,1,0,0,3
463,News | Amigos Library Services,https://amigos.org/news/archive?page=2,./reports/463.html,1,47,0,1,0,0,3
464,News | Amigos Library Services,https://amigos.org/news/archive?page=3,./reports/464.html,1,47,0,1,0,0,3
465,News | Amigos Library Services,https://amigos.org/news/archive?page=4,./reports/465.html,1,47,0,1,0,0,3
466,News | Amigos Library Services,https://amigos.org/news/archive?page=5,./reports/466.html,1,47,0,1,0,0,3
467,News | Amigos Library Services,https://amigos.org/news/archive?page=6,./reports/467.html,1,47,0,1,0,0,3
468,News | Amigos Library Services,https://amigos.org/news/archive?page=7,./reports/468.html,1,47,0,1,0,0,3
469,News | Amigos Library Services,https://amigos.org/news/archive?page=8,./reports/469.html,1,47,0,1,0,0,3
47,Member Discount Quote Request Form | Amigos Library Services,https://amigos.org/services/member-discounts/request,./reports/47.html,0,49,0,0,0,0,0
470,News | Amigos Library Services,https://amigos.org/news/archive?page=24,./reports/470.html,1,47,0,1,0,0,3
471,"Trans-Amigos Express Forms Moving to the TAE Label Maker on Monday, February 23 | Amigos Library Services",https://amigos.org/news/trans-amigos-express-forms-moving-tae-label-maker-monday-february-23,./reports/471.html,0,46,0,0,0,0,0
472,Navigating to Courier Links and Information on the Redesigned Amigos.org Website | Amigos Library Services,https://amigos.org/news/navigating-courier-links-and-information-redesigned-amigosorg-website,./reports/472.html,0,46,0,0,0,0,0
473,Courier Winter Holiday 2024 Schedule | Amigos Library Services,https://amigos.org/news/courier-winter-holiday-2024-schedule,./reports/473.html,0,47,0,0,0,0,0
474,Courier Winter Holiday Schedule | Amigos Library Services,https://amigos.org/news/courier-winter-holiday-schedule,./reports/474.html,0,46,0,0,0,0,0
475,Trans-Amigos Express (TAE) Courier Launches New Label Maker | Amigos Library Services,https://amigos.org/news/trans-amigos-express-tae-courier-launches-new-label-maker,./reports/475.html,0,46,0,0,0,0,0
476,,https://amigos.org/taxonomy/term/18/feed,./reports/476.html,5,3,0,2,3,0,12
477,Subscribe to AmigosNow and/or Continued ... Newsletters | Amigos Library Services,https://amigos.org/node/1362?which_newsletter_do_you_wish_to_subscribe_to=AmigosNow,./reports/477.html,0,48,0,0,0,0,0
478,Unsubscribe from AmigosNow and/or Continued ... Newsletters | Amigos Library Services,https://amigos.org/node/9716?newsletter_unsubscribe=AmigosNow,./reports/478.html,0,48,0,0,0,0,0
479,Subscribe to AmigosNow and/or Continued ... Newsletters | Amigos Library Services,https://amigos.org/node/1362?which_newsletter_do_you_wish_to_subscribe_to=Continued,./reports/479.html,0,48,0,0,0,0,0
48,Vendors | Amigos Library Services,https://amigos.org/services/member-discounts/vendors,./reports/48.html,0,52,0,0,0,0,0
480,Unsubscribe from AmigosNow and/or Continued ... Newsletters | Amigos Library Services,https://amigos.org/node/9716?newsletter_unsubscribe=Continued,./reports/480.html,0,48,0,0,0,0,0
481,Job Bank | Amigos Library Services,https://amigos.org/node/8762?page=0,./reports/481.html,0,48,0,0,0,0,0
482,Job Bank | Amigos Library Services,https://amigos.org/node/8762?page=1,./reports/482.html,0,48,0,0,0,0,0
483,New Amigos Vendor Partner: HeinOnline | Amigos Library Services,https://amigos.org/news/new-amigos-vendor-partner-heinonline,./reports/483.html,0,46,0,0,0,0,0
484,Share Research on Coevolution with Your Campus | Amigos Library Services,https://amigos.org/news/share-research-coevolution-your-campus,./reports/484.html,0,46,0,0,0,0,0
485,Upcoming AI Sessions for Librarians Serving Latino Communities | Amigos Library Services,https://amigos.org/news/upcoming-ai-sessions-librarians-serving-latino-communities,./reports/485.html,0,46,0,0,0,0,0
486,Why Annual Planning Matters for Your Library | Amigos Library Services,https://amigos.org/news/why-annual-planning-matters-your-library,./reports/486.html,0,46,0,0,0,0,0
487,Ambrose Video Announces WCAG Compliant Website | Amigos Library Services,https://amigos.org/news/ambrose-video-announces-wcag-compliant-website,./reports/487.html,0,46,0,0,0,0,0
488,Free Resource Spotlight: Open Access Collection from Project MUSE | Amigos Library Services,https://amigos.org/news/free-resource-spotlight-open-access-collection-project-muse,./reports/488.html,0,46,0,0,0,0,0
489,Schlager Announces 2026 Title Additions and Growth | Amigos Library Services,https://amigos.org/news/schlager-announces-2026-title-additions-and-growth,./reports/489.html,0,46,0,0,0,0,0
49,News Search | Amigos Library Services,https://amigos.org/news/search?search_api_fulltext=digital%20repository%20service,./reports/49.html,0,45,0,0,0,0,0
490,Oxford University Press Upgrades | Amigos Library Services,https://amigos.org/news/oxford-university-press-upgrades,./reports/490.html,0,46,0,0,0,0,0
491,Springshare and Bibliotheca Announce Advanced Event Calendar Integration | Amigos Library Services,https://amigos.org/news/springshare-and-bibliotheca-announce-advanced-event-calendar-integration,./reports/491.html,0,46,0,0,0,0,0
492,Help Faculty Find the Right Journals | Amigos Library Services,https://amigos.org/news/help-faculty-find-right-journals,./reports/492.html,0,46,0,0,0,0,0
493,Case Law Power Tool Now Integrated to HeinOnline | Amigos Library Services,https://amigos.org/news/case-law-power-tool-now-integrated-heinonline,./reports/493.html,0,46,0,0,0,0,0
494,Products & Partnerships | Amigos Library Services,https://amigos.org/news/products-and-partnerships?page=0,./reports/494.html,0,46,0,0,0,0,0
495,Products & Partnerships | Amigos Library Services,https://amigos.org/news/products-and-partnerships?page=2,./reports/495.html,0,46,0,0,0,0,0
496,Job Bank | Amigos Library Services,https://amigos.org/job_bank?page=0,./reports/496.html,0,48,0,0,0,0,0
497,Job Bank | Amigos Library Services,https://amigos.org/job_bank?page=1,./reports/497.html,0,48,0,0,0,0,0
498,Applications Open for 2026 NISO Plus Scholarships | Amigos Library Services,https://amigos.org/news/applications-open-2026-niso-plus-scholarships,./reports/498.html,0,46,0,0,0,0,0
499,Congratulations to 2025 MLA Award Winners | Amigos Library Services,https://amigos.org/news/congratulations-2025-mla-award-winners,./reports/499.html,0,46,0,0,0,0,0
5,Continuing Education Services | Amigos Library Services,https://amigos.org/services/continuing-education,./reports/5.html,0,48,0,0,0,0,0
50,Privacy Policy | Amigos Library Services,https://amigos.org/services/digital-repository/privacy,./reports/50.html,0,45,0,0,0,0,0
500,Reminder: Continuing Education is Now Free for Members | Amigos Library Services,https://amigos.org/news/reminder-continuing-education-now-free-members,./reports/500.html,0,46,0,0,0,0,0
51,Webinars | Amigos Library Services,https://amigos.org/services/digital-repository/webinars,./reports/51.html,0,50,0,0,0,0,0
52,Association Management Services | Amigos Library Services,https://amigos.org/node/2736,./reports/52.html,0,46,0,0,0,0,0
53,Consulting | Amigos Library Services,https://amigos.org/consulting,./reports/53.html,0,46,0,0,0,0,0
54,Continuing Education Services | Amigos Library Services,https://amigos.org/continuing_education,./reports/54.html,0,48,0,0,0,0,0
55,Member Discount Services | Amigos Library Services,https://amigos.org/member_discounts,./reports/55.html,0,46,0,0,0,0,0
56,Amigos Library Services Resource Sharing | Amigos Library Services,https://amigos.org/amigos_resource_sharing,./reports/56.html,0,46,0,0,0,0,0
57,Amigos Online Conferences | Amigos Library Services,https://amigos.org/node/670,./reports/57.html,0,46,0,0,0,0,0
58,Trans-Amigos Express | Amigos Library Services,https://amigos.org/trans_amigos_express,./reports/58.html,0,46,0,0,0,0,0
59,"Know & Go: Tips for Cover Letters, Resumes, and Interviews | Amigos Library Services",https://amigos.org/services/continuing-education/know-go-tips-cover-letters-resumes-and-interviews,./reports/59.html,0,47,0,0,0,0,0
6,Trans-Amigos Express | Amigos Library Services,https://amigos.org/services/trans-amigos-express,./reports/6.html,0,46,0,0,0,0,0
60,Know & Go: Beyond the Books – Strengthening Rural Communities Through Library Engagement | Amigos Library Services,https://amigos.org/services/continuing-education/know-go-beyond-books-strengthening-rural-communities-through-library,./reports/60.html,0,47,0,0,0,0,0
61,"Book Repair Basics (In-Person, Austin, Texas) | Amigos Library Services",https://amigos.org/services/continuing-education/book-repair-basics,./reports/61.html,0,47,0,0,0,0,0
62,"Customer Service Basics (In-Person, Austin, Texas) | Amigos Library Services",https://amigos.org/services/continuing-education/customer-service-basics-person-austin-texas,./reports/62.html,0,47,0,0,0,0,0
63,Know & Go: Understanding Creative Commons Licensing | Amigos Library Services,https://amigos.org/services/continuing-education/know-go-understanding-creative-commons-licensing,./reports/63.html,0,47,0,0,0,0,0
64,Soft Skills for Library Staff | Amigos Library Services,https://amigos.org/services/continuing-education/soft-skills-library-staff,./reports/64.html,0,46,0,0,0,0,0
65,Know & Go: The Open Rules for Cataloging Project | Amigos Library Services,https://amigos.org/services/continuing-education/know-go-open-rules-cataloging-project,./reports/65.html,0,47,0,0,0,0,0
66,The Essentials: Teaching and Presenting in the Profession | Amigos Library Services,https://amigos.org/services/continuing-education/essentials-teaching-and-presenting-profession,./reports/66.html,0,47,0,0,0,0,0
67,Know & Go: Building Authentic Culture in Everyday Moments | Amigos Library Services,https://amigos.org/services/continuing-education/know-go-building-authentic-culture-everyday-moments,./reports/67.html,0,47,0,0,0,0,0
68,Library Management: Managing Change | Amigos Library Services,https://amigos.org/services/continuing-education/library-management-managing-change,./reports/68.html,0,46,0,0,0,0,0
69,Know & Go: Library Management Skills for New and Aspiring Managers | Amigos Library Services,https://amigos.org/services/continuing-education/know-go-library-management-skills-new-and-aspiring-managers,./reports/69.html,0,47,0,0,0,0,0
7,Job Bank | Amigos Library Services,https://amigos.org/services/job-bank,./reports/7.html,0,48,0,0,0,0,0
70,Creating a Collection Development Policy | Amigos Library Services,https://amigos.org/services/continuing-education/creating-collection-development-policy,./reports/70.html,0,46,0,0,0,0,0
71,Library Signage | Amigos Library Services,https://amigos.org/services/continuing-education/library-signage,./reports/71.html,0,46,0,0,0,0,0
72,Know & Go: Sparking Growth and Connection Among Early Career Librarians | Amigos Library Services,https://amigos.org/services/continuing-education/know-go-sparking-growth-and-connection-among-early-career-librarians,./reports/72.html,0,47,0,0,0,0,0
73,Introduction to OpenRefine | Amigos Library Services,https://amigos.org/services/continuing-education/introduction-openrefine,./reports/73.html,0,46,0,0,0,0,0
74,Know & Go: Increase Your Productivity with Time Management | Amigos Library Services,https://amigos.org/services/continuing-education/know-go-increase-your-productivity-time-management,./reports/74.html,0,47,0,0,0,0,0
75,Know & Go: Diversity and Inclusion Activities for Library Meetings | Amigos Library Services,https://amigos.org/services/continuing-education/know-go-diversity-and-inclusion-activities-library-meetings,./reports/75.html,0,47,0,0,0,0,0
76,Creating Visual Content for Multiple Platforms | Amigos Library Services,https://amigos.org/services/continuing-education/creating-visual-content-multiple-platforms,./reports/76.html,0,47,0,0,0,0,0
77,"Librarian II (Adult Services) -- Austin Public Library -- Austin, TX | Amigos Library Services",https://amigos.org/services/job-bank/librarian-ii-adult-services-austin-public-library-austin-tx,./reports/77.html,0,45,0,0,0,0,0
78,"Digital Services Librarian -- Northwest Arkansas Community College -- Bentonville, AR | Amigos Library Services",https://amigos.org/services/job-bank/digital-services-librarian-northwest-arkansas-community-college-bentonville-ar,./reports/78.html,0,45,0,0,0,0,0
79,"Transportation Librarian (Transportation Program Support Coordinator) -- University of Missouri -- Jefferson City, MO | Amigos Library Services",https://amigos.org/services/job-bank/transportation-librarian-transportation-program-support-coordinator-university,./reports/79.html,0,45,0,0,0,0,0
8,Member Discount Services | Amigos Library Services,https://amigos.org/services/member-discounts,./reports/8.html,0,46,0,0,0,0,0
80,"Resource Management Coordinator -- University of Texas -- Austin, TX | Amigos Library Services",https://amigos.org/services/job-bank/resource-management-coordinator-university-texas-austin-tx,./reports/80.html,0,45,0,0,0,0,0
81,"Branch Manager -- Fort Smith Public Library -- Fort Smith, AR | Amigos Library Services",https://amigos.org/services/job-bank/branch-manager-fort-smith-public-library-fort-smith-ar,./reports/81.html,0,45,0,0,0,0,0
82,"Medical Librarian -- Texas A&M University -- Corpus Christi, TX | Amigos Library Services",https://amigos.org/services/job-bank/medical-librarian-texas-am-university-corpus-christi-tx,./reports/82.html,0,45,0,0,0,0,0
83,"Music Cataloging and Subject Specialist -- Rice University -- Houston, TX | Amigos Library Services",https://amigos.org/services/job-bank/music-cataloging-and-subject-specialist-rice-university-houston-tx,./reports/83.html,1,45,0,0,1,0,2
84,"Systems Librarian and Assistant Instructional Professor -- Pittsburg State University -- Pittsburg, KS | Amigos Library Services",https://amigos.org/services/job-bank/systems-librarian-and-assistant-instructional-professor-pittsburg-state,./reports/84.html,0,45,0,0,0,0,0
85,"Institutional Repository and Business Librarian -- University of Missouri -- St. Louis, MO | Amigos Library Services",https://amigos.org/services/job-bank/institutional-repository-and-business-librarian-university-missouri-st-louis-mo,./reports/85.html,0,45,0,0,0,0,0
86,"Access Services Librarian -- University of Missouri -- St. Louis, MO | Amigos Library Services",https://amigos.org/services/job-bank/access-services-librarian-university-missouri-st-louis-mo,./reports/86.html,0,45,0,0,0,0,0
87,"Library Associate -- Pioneer Library System -- Tecumseh, OK | Amigos Library Services",https://amigos.org/services/job-bank/library-associate-pioneer-library-system-tecumseh-ok,./reports/87.html,0,45,0,0,0,0,0
88,"Customer Experience Manager -- Pioneer Library System -- Oklahoma City, OK | Amigos Library Services",https://amigos.org/services/job-bank/customer-experience-manager-pioneer-library-system-oklahoma-city-ok-0,./reports/88.html,0,45,0,0,0,0,0
89,"Blanchard Branch Manager -- Pioneer Library System -- Blanchard, OK | Amigos Library Services",https://amigos.org/services/job-bank/blanchard-branch-manager-pioneer-library-system-blanchard-ok,./reports/89.html,0,45,0,0,0,0,0
9,Amigos Online Conferences | Amigos Library Services,https://amigos.org/services/online-conference,./reports/9.html,0,46,0,0,0,0,0
90,"Librarian, Head of Instruction and Outreach -- Arkansas Tech University -- Russellville, AR | Amigos Library Services",https://amigos.org/services/job-bank/librarian-head-instruction-and-outreach-arkansas-tech-university-russellville-0,./reports/90.html,0,45,0,0,0,0,0
91,"Statewide ILL Librarian -- Texas State Archives & Archives Commission -- Austin, TX | Amigos Library Services",https://amigos.org/services/job-bank/statewide-ill-librarian-texas-state-archives-archives-commission-austin-tx,./reports/91.html,0,45,0,0,0,0,0
92,"Records Center Specialist (Warehouse Driver) -- Texas State Library & Archives Commission -- Austin, TX | Amigos Library Services",https://amigos.org/services/job-bank/records-center-specialist-warehouse-driver-texas-state-library-archives,./reports/92.html,0,45,0,0,0,0,0
93,Job Bank | Amigos Library Services,https://amigos.org/services/job-bank?page=0,./reports/93.html,0,48,0,0,0,0,0
94,Job Bank | Amigos Library Services,https://amigos.org/services/job-bank?page=1,./reports/94.html,0,48,0,0,0,0,0
95,Vendors | Amigos Library Services,https://amigos.org/node/9708,./reports/95.html,0,52,0,0,0,0,0
96,Digital Accessibility in Libraries Conference | Amigos Library Services,https://amigos.org/services/online-conference/digital-accessibility-in-libraries,./reports/96.html,0,50,0,0,0,0,0
97,Practical Paths to the AI-Enhanced Library Conference | Amigos Library Services,https://amigos.org/services/online-conference/practical-paths-to-the-ai-enhanced-library,./reports/97.html,0,50,0,0,0,0,0
98,Libraries Cultivating Community Conference | Amigos Library Services,https://amigos.org/services/online-conference/libraries-cultivating-community,./reports/98.html,0,51,0,0,0,0,0
99,Collections Reflect Communities Conference | Amigos Library Services,https://amigos.org/collections-reflect-communities,./reports/99.html,0,50,0,0,0,0,0
