Source Page,Link,Status,Link Text
"https://events.hmcpl.org/event/2026-03-23/baby-lapsit","https://twitter.com/intent/tweet?text=Baby%20Lapsit&url=https://events.hmcpl.org/event/2026-03-23/baby-lapsit",403,"Share on Twitter"
"https://events.hmcpl.org/event/2026-03-23/first-steps-storytime","https://twitter.com/intent/tweet?text=First%20Steps%20Storytime&url=https://events.hmcpl.org/event/2026-03-23/first-steps-storytime",403,"Share on Twitter"
"https://events.hmcpl.org/event/2026-03-23/homeschool-artist-education","https://twitter.com/intent/tweet?text=Homeschool%20Art(ist)%20Education&url=https://events.hmcpl.org/event/2026-03-23/homeschool-artist-education",403,"Share on Twitter"
"https://events.hmcpl.org/event/2026-03-23/ready-set-kindergarten","https://twitter.com/intent/tweet?text=Ready,%20Set,%20Kindergarten&url=https://events.hmcpl.org/event/2026-03-23/ready-set-kindergarten",403,"Share on Twitter"
"https://events.hmcpl.org/event/2026-03-23/breastfeeding-support-group","https://twitter.com/intent/tweet?text=Breastfeeding%20Support%20Group&url=https://events.hmcpl.org/event/2026-03-23/breastfeeding-support-group",403,"Share on Twitter"
"https://events.hmcpl.org/event/2026-03-23/jigsaw-puzzle-club","https://twitter.com/intent/tweet?text=Jigsaw%20Puzzle%20Club&url=https://events.hmcpl.org/event/2026-03-23/jigsaw-puzzle-club",403,"Share on Twitter"
"https://events.hmcpl.org/event/2026-03-23/friends-library-meeting","https://twitter.com/intent/tweet?text=Friends%20of%20the%20Library%20Meeting&url=https://events.hmcpl.org/event/2026-03-23/friends-library-meeting",403,"Share on Twitter"
"https://events.hmcpl.org/event/2026-03-23/american-mah-jongg","https://twitter.com/intent/tweet?text=American%20Mah%20Jongg&url=https://events.hmcpl.org/event/2026-03-23/american-mah-jongg",403,"Share on Twitter"
"https://events.hmcpl.org/event/2026-03-23/tech-help","https://twitter.com/intent/tweet?text=Tech%20Help&url=https://events.hmcpl.org/event/2026-03-23/tech-help",403,"Share on Twitter"
"https://events.hmcpl.org/event/2026-03-23/homeschool-artist-education-0","https://twitter.com/intent/tweet?text=Homeschool%20Art(ist)%20Education&url=https://events.hmcpl.org/event/2026-03-23/homeschool-artist-education-0",403,"Share on Twitter"
"https://events.hmcpl.org/downtown-huntsville-library","https://hmcpl.org/FOL/main",404,"Join the Downtown Huntsville Friends of the Library"
"https://events.hmcpl.org/triana-public-library","https://test.hmcpl.org/node/231",FAILED,"Coffee, Cake, and Conversation Book Club"
"https://events.hmcpl.org/index.php/event/2026-03-23/canceled-english-conversation-club-session-4","https://twitter.com/intent/tweet?text=CANCELED:%20English%20Conversation%20Club:%20Session%204&url=https://events.hmcpl.org/index.php/event/2026-03-23/canceled-english-conversation-club-session-4",403,"Share on Twitter"
"https://events.hmcpl.org/index.php/event/2026-03-23/stitch-chat","https://twitter.com/intent/tweet?text=Stitch%20&%20Chat&url=https://events.hmcpl.org/index.php/event/2026-03-23/stitch-chat",403,"Share on Twitter"
"https://events.hmcpl.org/index.php/event/2026-03-23/theatre-hour","https://twitter.com/intent/tweet?text=The%20Theatre%20Hour&url=https://events.hmcpl.org/index.php/event/2026-03-23/theatre-hour",403,"Share on Twitter"
"https://events.hmcpl.org/index.php/event/2026-03-23/films-billy-wilder-part-two","https://twitter.com/intent/tweet?text=The%20Films%20of%20Billy%20Wilder,%20Part%20Two&url=https://events.hmcpl.org/index.php/event/2026-03-23/films-billy-wilder-part-two",403,"Share on Twitter"
"https://events.hmcpl.org/index.php/event/2026-03-23/madison-city-chess-league","https://twitter.com/intent/tweet?text=Madison%20City%20Chess%20League&url=https://events.hmcpl.org/index.php/event/2026-03-23/madison-city-chess-league",403,"Share on Twitter"
"https://events.hmcpl.org/index.php/event/2026-03-23/canceled-adult-legor-club","https://twitter.com/intent/tweet?text=Canceled:%20Adult%20LEGO%C2%AE%20Club&url=https://events.hmcpl.org/index.php/event/2026-03-23/canceled-adult-legor-club",403,"Share on Twitter"
"https://events.hmcpl.org/index.php/event/2026-03-23/dungeons-diy-worldbuilding-zines","https://twitter.com/intent/tweet?text=Dungeons%20&%20DIY:%20Worldbuilding%20Zines%20%20&url=https://events.hmcpl.org/index.php/event/2026-03-23/dungeons-diy-worldbuilding-zines",403,"Share on Twitter"
"https://events.hmcpl.org/index.php/event/2026-03-23/tackle-your-do-list","https://twitter.com/intent/tweet?text=Tackle%20Your%20To-Do%20List&url=https://events.hmcpl.org/index.php/event/2026-03-23/tackle-your-do-list",403,"Share on Twitter"
"https://events.hmcpl.org/index.php/event/2026-03-23/book-report-book-club","https://twitter.com/intent/tweet?text=The%20Book%20Report%20Book%20Club&url=https://events.hmcpl.org/index.php/event/2026-03-23/book-report-book-club",403,"Share on Twitter"
"https://events.hmcpl.org/index.php/event/2026-03-24/huntsville-hospital-breastfeeding-support-services","https://twitter.com/intent/tweet?text=Huntsville%20Hospital%20-%20Breastfeeding%20Support%20Services&url=https://events.hmcpl.org/index.php/event/2026-03-24/huntsville-hospital-breastfeeding-support-services",403,"Share on Twitter"
"https://events.hmcpl.org/index.php/event/2026-03-24/mother-goose-storytime-0-3-years","https://twitter.com/intent/tweet?text=Mother%20Goose%20Storytime%20(0-3%20years)&url=https://events.hmcpl.org/index.php/event/2026-03-24/mother-goose-storytime-0-3-years",403,"Share on Twitter"
"https://events.hmcpl.org/index.php/event/2026-03-24/toddler-stories-and-songs","https://twitter.com/intent/tweet?text=Toddler%20Stories%20and%20Songs&url=https://events.hmcpl.org/index.php/event/2026-03-24/toddler-stories-and-songs",403,"Share on Twitter"
"https://events.hmcpl.org/index.php/event/2026-03-24/brookes-storytime-takeover","https://twitter.com/intent/tweet?text=Brooke%27s%20Storytime%20Takeover!&url=https://events.hmcpl.org/index.php/event/2026-03-24/brookes-storytime-takeover",403,"Share on Twitter"
"https://events.hmcpl.org/index.php/event/2026-03-24/tinker-tots-storytime","https://twitter.com/intent/tweet?text=Tinker%20Tots%20Storytime&url=https://events.hmcpl.org/index.php/event/2026-03-24/tinker-tots-storytime",403,"Share on Twitter"
"https://events.hmcpl.org/index.php/event/2026-03-24/toddler-time","https://twitter.com/intent/tweet?text=Toddler%20Time&url=https://events.hmcpl.org/index.php/event/2026-03-24/toddler-time",403,"Share on Twitter"
"https://events.hmcpl.org/index.php/event/2026-03-24/tatting-tuesday","https://twitter.com/intent/tweet?text=Tatting%20on%20Tuesday&url=https://events.hmcpl.org/index.php/event/2026-03-24/tatting-tuesday",403,"Share on Twitter"
"https://events.hmcpl.org/index.php/event/2026-03-24/book-buddies-storytime-3-6-years","https://twitter.com/intent/tweet?text=Book%20Buddies%20Storytime%20(3-6%20years)&url=https://events.hmcpl.org/index.php/event/2026-03-24/book-buddies-storytime-3-6-years",403,"Share on Twitter"
"https://events.hmcpl.org/index.php/event/2026-03-24/preschool-stories-and-songs","https://twitter.com/intent/tweet?text=Preschool%20Stories%20and%20Songs&url=https://events.hmcpl.org/index.php/event/2026-03-24/preschool-stories-and-songs",403,"Share on Twitter"
"https://events.hmcpl.org/index.php/event/2026-03-24/storytime-ms-fran","https://twitter.com/intent/tweet?text=Storytime%20with%20Ms.%20Fran&url=https://events.hmcpl.org/index.php/event/2026-03-24/storytime-ms-fran",403,"Share on Twitter"
"https://events.hmcpl.org/index.php/event/2026-03-24/large-print-book-club","https://twitter.com/intent/tweet?text=Large%20Print%20Book%20Club%20&url=https://events.hmcpl.org/index.php/event/2026-03-24/large-print-book-club",403,"Share on Twitter"
"https://events.hmcpl.org/index.php/event/2026-03-24/board-games-library","https://twitter.com/intent/tweet?text=Board%20Games%20at%20the%20Library&url=https://events.hmcpl.org/index.php/event/2026-03-24/board-games-library",403,"Share on Twitter"
"https://events.hmcpl.org/index.php/event/2026-03-24/tunes-and-tales-storytime","https://twitter.com/intent/tweet?text=Tunes%20and%20Tales%20Storytime&url=https://events.hmcpl.org/index.php/event/2026-03-24/tunes-and-tales-storytime",403,"Share on Twitter"
"https://events.hmcpl.org/index.php/event/2026-03-24/canceled-bookmobile-mark-russell-recreation-center","https://twitter.com/intent/tweet?text=Canceled:%20Bookmobile%20at%20the%20Mark%20Russell%20Recreation%20Center&url=https://events.hmcpl.org/index.php/event/2026-03-24/canceled-bookmobile-mark-russell-recreation-center",403,"Share on Twitter"
"https://events.hmcpl.org/index.php/event/2026-03-24/ready-set-kindergarten","https://twitter.com/intent/tweet?text=Ready,%20Set,%20Kindergarten!&url=https://events.hmcpl.org/index.php/event/2026-03-24/ready-set-kindergarten",403,"Share on Twitter"
"https://events.hmcpl.org/index.php/event/2026-03-24/internet-safety","https://twitter.com/intent/tweet?text=Internet%20Safety&url=https://events.hmcpl.org/index.php/event/2026-03-24/internet-safety",403,"Share on Twitter"
"https://events.hmcpl.org/index.php/event/2026-03-24/smartphone-skills-defending-your-phone-downtown","https://twitter.com/intent/tweet?text=Smartphone%20Skills:%20Defending%20Your%20Phone%20(Downtown)&url=https://events.hmcpl.org/index.php/event/2026-03-24/smartphone-skills-defending-your-phone-downtown",403,"Share on Twitter"
"https://events.hmcpl.org/index.php/event/2026-03-24/family-art-tuesdays","https://twitter.com/intent/tweet?text=Family%20Art%20Tuesdays&url=https://events.hmcpl.org/index.php/event/2026-03-24/family-art-tuesdays",403,"Share on Twitter"
"https://events.hmcpl.org/index.php/event/2026-03-24/crochet-basics","https://twitter.com/intent/tweet?text=Crochet%20Basics&url=https://events.hmcpl.org/index.php/event/2026-03-24/crochet-basics",403,"Share on Twitter"
"https://events.hmcpl.org/index.php/event/2026-03-24/open-studio-north-huntsville-makerspace-studio","https://twitter.com/intent/tweet?text=Open%20Studio%20-%20North%20Huntsville%20Makerspace%20Studio&url=https://events.hmcpl.org/index.php/event/2026-03-24/open-studio-north-huntsville-makerspace-studio",403,"Share on Twitter"
"https://events.hmcpl.org/index.php/event/2026-03-24/steam-club","https://twitter.com/intent/tweet?text=STEAM%20Club&url=https://events.hmcpl.org/index.php/event/2026-03-24/steam-club",403,"Share on Twitter"
"https://events.hmcpl.org/index.php/event/2026-03-24/lego-hour","https://twitter.com/intent/tweet?text=The%20Lego%20Hour&url=https://events.hmcpl.org/index.php/event/2026-03-24/lego-hour",403,"Share on Twitter"
"https://events.hmcpl.org/index.php/event/2026-03-24/teen-takeover","https://twitter.com/intent/tweet?text=Teen%20Takeover&url=https://events.hmcpl.org/index.php/event/2026-03-24/teen-takeover",403,"Share on Twitter"
"https://events.hmcpl.org/index.php/event/2026-03-24/huntsville-chess-club","https://twitter.com/intent/tweet?text=Huntsville%20Chess%20Club&url=https://events.hmcpl.org/index.php/event/2026-03-24/huntsville-chess-club",403,"Share on Twitter"
"https://events.hmcpl.org/index.php/event/2026-03-24/march-madness-what-about-bob","https://twitter.com/intent/tweet?text=March%20Madness:%20What%20About%20Bob?%20&url=https://events.hmcpl.org/index.php/event/2026-03-24/march-madness-what-about-bob",403,"Share on Twitter"
"https://events.hmcpl.org/index.php/event/2026-03-24/its-all-mystery-book-club","https://twitter.com/intent/tweet?text=It%27s%20All%20a%20Mystery%20Book%20Club&url=https://events.hmcpl.org/index.php/event/2026-03-24/its-all-mystery-book-club",403,"Share on Twitter"
"https://events.hmcpl.org/index.php/event/2026-03-24/adult-craft-night-diy-wooden-bunnies","https://twitter.com/intent/tweet?text=Adult%20Craft%20Night:%20DIY%20Wooden%20Bunnies&url=https://events.hmcpl.org/index.php/event/2026-03-24/adult-craft-night-diy-wooden-bunnies",403,"Share on Twitter"
"https://events.hmcpl.org/index.php/event/2026-03-24/high-octane-book-club","https://twitter.com/intent/tweet?text=High%20Octane%20Book%20Club&url=https://events.hmcpl.org/index.php/event/2026-03-24/high-octane-book-club",403,"Share on Twitter"
"https://events.hmcpl.org/index.php/event/2026-03-24/next-chapter-book-club","https://twitter.com/intent/tweet?text=Next%20Chapter%20Book%20Club&url=https://events.hmcpl.org/index.php/event/2026-03-24/next-chapter-book-club",403,"Share on Twitter"
"https://events.hmcpl.org/index.php/event/2026-03-25/mother-goose-storytime-0-3-years","https://twitter.com/intent/tweet?text=Mother%20Goose%20Storytime%20(0-3%20years)&url=https://events.hmcpl.org/index.php/event/2026-03-25/mother-goose-storytime-0-3-years",403,"Share on Twitter"
"https://events.hmcpl.org/index.php/event/2026-03-25/baby-lapsit","https://twitter.com/intent/tweet?text=Baby%20Lapsit&url=https://events.hmcpl.org/index.php/event/2026-03-25/baby-lapsit",403,"Share on Twitter"
"https://events.hmcpl.org/index.php/event/2026-03-25/cricut-101-easter-tags","https://twitter.com/intent/tweet?text=Cricut%20101%20-%20Easter%20Tags&url=https://events.hmcpl.org/index.php/event/2026-03-25/cricut-101-easter-tags",403,"Share on Twitter"
"https://events.hmcpl.org/index.php/event/2026-03-25/spring-cleaning-your-info-diet","https://twitter.com/intent/tweet?text=Spring%20Cleaning:%20Your%20Info%20Diet&url=https://events.hmcpl.org/index.php/event/2026-03-25/spring-cleaning-your-info-diet",403,"Share on Twitter"
"https://events.hmcpl.org/index.php/event/2026-03-25/library-all-interactive-program-adults-disabilities","https://twitter.com/intent/tweet?text=%20Library%20for%20All:%20%20Interactive%20Program%20for%20Adults%20with%20Disabilities&url=https://events.hmcpl.org/index.php/event/2026-03-25/library-all-interactive-program-adults-disabilities",403,"Share on Twitter"
"https://events.hmcpl.org/index.php/event/2026-03-25/music-mavens-storytime","https://twitter.com/intent/tweet?text=Music%20Mavens%20Storytime&url=https://events.hmcpl.org/index.php/event/2026-03-25/music-mavens-storytime",403,"Share on Twitter"
"https://events.hmcpl.org/index.php/event/2026-03-25/preschool-storytime","https://twitter.com/intent/tweet?text=Preschool%20Storytime&url=https://events.hmcpl.org/index.php/event/2026-03-25/preschool-storytime",403,"Share on Twitter"
"https://events.hmcpl.org/index.php/event/2026-03-25/virtual-librarian-book-club","https://twitter.com/intent/tweet?text=Virtual%20Librarian%20Book%20Club%20&url=https://events.hmcpl.org/index.php/event/2026-03-25/virtual-librarian-book-club",403,"Share on Twitter"
"https://events.hmcpl.org/index.php/event/2026-03-25/book-buddies-storytime-3-6-years","https://twitter.com/intent/tweet?text=Book%20Buddies%20Storytime%20(3-6%20years)&url=https://events.hmcpl.org/index.php/event/2026-03-25/book-buddies-storytime-3-6-years",403,"Share on Twitter"
"https://events.hmcpl.org/index.php/event/2026-03-25/ready-set-kindergarten-0","https://twitter.com/intent/tweet?text=Ready,%20Set,%20Kindergarten&url=https://events.hmcpl.org/index.php/event/2026-03-25/ready-set-kindergarten-0",403,"Share on Twitter"
"https://events.hmcpl.org/event/2026-03-25/ready-set-kindergarten-1","https://twitter.com/intent/tweet?text=Ready,%20Set,%20Kindergarten!&url=https://events.hmcpl.org/event/2026-03-25/ready-set-kindergarten-1",403,"Share on Twitter"
"https://events.hmcpl.org/index.php/event/2026-03-25/new-hope-storytime","https://twitter.com/intent/tweet?text=New%20Hope%20Storytime&url=https://events.hmcpl.org/index.php/event/2026-03-25/new-hope-storytime",403,"Share on Twitter"
"https://events.hmcpl.org/index.php/event/2026-03-25/needlework-crafters","https://twitter.com/intent/tweet?text=Needlework%20Crafters&url=https://events.hmcpl.org/index.php/event/2026-03-25/needlework-crafters",403,"Share on Twitter"
"https://events.hmcpl.org/index.php/event/2026-03-25/cupids-cafe","https://twitter.com/intent/tweet?text=Cupids%20Caf%C3%A9%20&url=https://events.hmcpl.org/index.php/event/2026-03-25/cupids-cafe",403,"Share on Twitter"
"https://events.hmcpl.org/index.php/event/2026-03-25/preschool-steam-club","https://twitter.com/intent/tweet?text=Preschool%20STEAM%20Club&url=https://events.hmcpl.org/index.php/event/2026-03-25/preschool-steam-club",403,"Share on Twitter"
"https://events.hmcpl.org/index.php/event/2026-03-25/air-dry-clay-art-series-ms-anita","https://twitter.com/intent/tweet?text=Air-Dry%20Clay%20Art%20Series%20with%20Ms.%20Anita&url=https://events.hmcpl.org/index.php/event/2026-03-25/air-dry-clay-art-series-ms-anita",403,"Share on Twitter"
"https://events.hmcpl.org/index.php/event/2026-03-25/ready-set-kindergarten","https://twitter.com/intent/tweet?text=Ready,%20Set,%20Kindergarten&url=https://events.hmcpl.org/index.php/event/2026-03-25/ready-set-kindergarten",403,"Share on Twitter"
"https://events.hmcpl.org/index.php/event/2026-03-25/piece-makers","https://twitter.com/intent/tweet?text=The%20Piece%20Makers&url=https://events.hmcpl.org/index.php/event/2026-03-25/piece-makers",403,"Share on Twitter"
"https://events.hmcpl.org/index.php/event/2026-03-25/cricut-101-easter-tags-0","https://twitter.com/intent/tweet?text=Cricut%20101%20-%20Easter%20Tags&url=https://events.hmcpl.org/index.php/event/2026-03-25/cricut-101-easter-tags-0",403,"Share on Twitter"
"https://events.hmcpl.org/index.php/event/2026-03-25/board-gurley","https://twitter.com/intent/tweet?text=Board%20at%20Gurley&url=https://events.hmcpl.org/index.php/event/2026-03-25/board-gurley",403,"Share on Twitter"
"https://events.hmcpl.org/index.php/event/2026-03-25/sewing-beyond-basics-diy-tote-bag","https://twitter.com/intent/tweet?text=Sewing%20Beyond%20the%20Basics:%20DIY%20Tote%20Bag&url=https://events.hmcpl.org/index.php/event/2026-03-25/sewing-beyond-basics-diy-tote-bag",403,"Share on Twitter"
"https://events.hmcpl.org/index.php/event/2026-03-25/craft-hour","https://twitter.com/intent/tweet?text=The%20Craft%20Hour&url=https://events.hmcpl.org/index.php/event/2026-03-25/craft-hour",403,"Share on Twitter"
"https://events.hmcpl.org/index.php/event/2026-03-25/tween-gaming","https://twitter.com/intent/tweet?text=Tween%20Gaming&url=https://events.hmcpl.org/index.php/event/2026-03-25/tween-gaming",403,"Share on Twitter"
"https://events.hmcpl.org/index.php/event/2026-03-25/kids-arts-club","https://twitter.com/intent/tweet?text=Kids%27%20Arts%20Club&url=https://events.hmcpl.org/index.php/event/2026-03-25/kids-arts-club",403,"Share on Twitter"
"https://events.hmcpl.org/index.php/event/2026-03-25/teen-craft-coral-reefs","https://twitter.com/intent/tweet?text=Teen%20Craft:%20Coral%20Reefs&url=https://events.hmcpl.org/index.php/event/2026-03-25/teen-craft-coral-reefs",403,"Share on Twitter"
"https://events.hmcpl.org/index.php/event/2026-03-25/all-things-bridgerton","https://twitter.com/intent/tweet?text=All%20Things%20Bridgerton&url=https://events.hmcpl.org/index.php/event/2026-03-25/all-things-bridgerton",403,"Share on Twitter"
"https://events.hmcpl.org/index.php/event/2026-03-25/adult-sewing-pocket-bag","https://twitter.com/intent/tweet?text=Adult%20Sewing:%20Pocket%20Bag&url=https://events.hmcpl.org/index.php/event/2026-03-25/adult-sewing-pocket-bag",403,"Share on Twitter"
"https://events.hmcpl.org/index.php/event/2026-03-25/google-sheets-fundamentals-online","https://twitter.com/intent/tweet?text=Google%20Sheets%20Fundamentals%20(Online)&url=https://events.hmcpl.org/index.php/event/2026-03-25/google-sheets-fundamentals-online",403,"Share on Twitter"
"https://events.hmcpl.org/index.php/event/2026-03-26/arc-madison-county-movie-day","https://twitter.com/intent/tweet?text=The%20Arc%20of%20Madison%20County%20Movie%20Day!&url=https://events.hmcpl.org/index.php/event/2026-03-26/arc-madison-county-movie-day",403,"Share on Twitter"
"https://events.hmcpl.org/index.php/event/2026-03-26/toddler-tales-puppet-pals","https://twitter.com/intent/tweet?text=Toddler%20Tales%20with%20Puppet%20Pals&url=https://events.hmcpl.org/index.php/event/2026-03-26/toddler-tales-puppet-pals",403,"Share on Twitter"
"https://events.hmcpl.org/index.php/event/2026-03-26/crochet-club","https://twitter.com/intent/tweet?text=Crochet%20Club&url=https://events.hmcpl.org/index.php/event/2026-03-26/crochet-club",403,"Share on Twitter"
"https://events.hmcpl.org/index.php/event/2026-03-26/tinker-tots-storytime","https://twitter.com/intent/tweet?text=Tinker%20Tots%20Storytime&url=https://events.hmcpl.org/index.php/event/2026-03-26/tinker-tots-storytime",403,"Share on Twitter"
"https://events.hmcpl.org/index.php/event/2026-03-26/ready-set-kindergarten","https://twitter.com/intent/tweet?text=Ready,%20Set,%20Kindergarten!&url=https://events.hmcpl.org/index.php/event/2026-03-26/ready-set-kindergarten",403,"Share on Twitter"
"https://events.hmcpl.org/index.php/event/2026-03-26/basic-canva","https://twitter.com/intent/tweet?text=Basic%20Canva&url=https://events.hmcpl.org/index.php/event/2026-03-26/basic-canva",403,"Share on Twitter"
"https://events.hmcpl.org/index.php/event/2026-03-26/open-studio-north-huntsville-makerspace-studio","https://twitter.com/intent/tweet?text=Open%20Studio%20-%20North%20Huntsville%20Makerspace%20Studio&url=https://events.hmcpl.org/index.php/event/2026-03-26/open-studio-north-huntsville-makerspace-studio",403,"Share on Twitter"
"https://events.hmcpl.org/index.php/event/2026-03-26/ready-set-kindergarten-story-time","https://twitter.com/intent/tweet?text=Ready,%20Set,%20Kindergarten%20Story%20Time&url=https://events.hmcpl.org/index.php/event/2026-03-26/ready-set-kindergarten-story-time",403,"Share on Twitter"
"https://events.hmcpl.org/index.php/event/2026-03-26/ready-set-kindergarten-1","https://twitter.com/intent/tweet?text=Ready,%20Set,%20Kindergarten&url=https://events.hmcpl.org/index.php/event/2026-03-26/ready-set-kindergarten-1",403,"Share on Twitter"
"https://events.hmcpl.org/index.php/event/2026-03-26/ready-set-kindergarten-0","https://twitter.com/intent/tweet?text=Ready,%20Set,%20Kindergarten&url=https://events.hmcpl.org/index.php/event/2026-03-26/ready-set-kindergarten-0",403,"Share on Twitter"
"https://events.hmcpl.org/index.php/event/2026-03-26/spring-cleaning-your-estate-papers","https://twitter.com/intent/tweet?text=Spring%20Cleaning:%20Your%20Estate%20Papers&url=https://events.hmcpl.org/index.php/event/2026-03-26/spring-cleaning-your-estate-papers",403,"Share on Twitter"
"https://events.hmcpl.org/index.php/event/2026-03-26/seniors-guide-gaming-downtown","https://twitter.com/intent/tweet?text=A%20Senior%27s%20Guide%20to%20Gaming%20(Downtown)&url=https://events.hmcpl.org/index.php/event/2026-03-26/seniors-guide-gaming-downtown",403,"Share on Twitter"
"https://events.hmcpl.org/index.php/event/2026-03-26/steam-club","https://twitter.com/intent/tweet?text=STEAM%20Club&url=https://events.hmcpl.org/index.php/event/2026-03-26/steam-club",403,"Share on Twitter"
"https://events.hmcpl.org/index.php/event/2026-03-26/pokemon-hour","https://twitter.com/intent/tweet?text=The%20Pok%C3%A9mon%20Hour&url=https://events.hmcpl.org/index.php/event/2026-03-26/pokemon-hour",403,"Share on Twitter"
"https://events.hmcpl.org/index.php/event/2026-03-26/magic-treehouse-tsunamis","https://twitter.com/intent/tweet?text=Magic%20Treehouse:%20Tsunamis&url=https://events.hmcpl.org/index.php/event/2026-03-26/magic-treehouse-tsunamis",403,"Share on Twitter"
"https://events.hmcpl.org/index.php/event/2026-03-26/gurley-girls-book-club","https://twitter.com/intent/tweet?text=Gurley%20Girls%20Book%20Club&url=https://events.hmcpl.org/index.php/event/2026-03-26/gurley-girls-book-club",403,"Share on Twitter"
"https://events.hmcpl.org/index.php/event/2026-03-26/reading-journal-meetup","https://twitter.com/intent/tweet?text=Reading%20Journal%20Meetup&url=https://events.hmcpl.org/index.php/event/2026-03-26/reading-journal-meetup",403,"Share on Twitter"
"https://events.hmcpl.org/index.php/event/2026-03-26/stories-under-stars","https://twitter.com/intent/tweet?text=Stories%20Under%20the%20Stars&url=https://events.hmcpl.org/index.php/event/2026-03-26/stories-under-stars",403,"Share on Twitter"
"https://events.hmcpl.org/index.php/event/2026-03-26/mad-movie-thon-o-rama-pee-wees-big-adventure-1985","https://twitter.com/intent/tweet?text=The%20MAD%20Movie-A-Thon-O-Rama:%20Pee-wee%27s%20Big%20Adventure%20(1985)&url=https://events.hmcpl.org/index.php/event/2026-03-26/mad-movie-thon-o-rama-pee-wees-big-adventure-1985",403,"Share on Twitter"
"https://events.hmcpl.org/index.php/event/2026-03-27/baby-lapsit","https://twitter.com/intent/tweet?text=Baby%20Lapsit&url=https://events.hmcpl.org/index.php/event/2026-03-27/baby-lapsit",403,"Share on Twitter"
"https://events.hmcpl.org/index.php/event/2026-03-27/sensory-storytime","https://twitter.com/intent/tweet?text=Sensory%20Storytime&url=https://events.hmcpl.org/index.php/event/2026-03-27/sensory-storytime",403,"Share on Twitter"
"https://events.hmcpl.org/index.php/event/2026-03-27/breastfeeding-support-group-toddlers","https://twitter.com/intent/tweet?text=Breastfeeding%20Support%20Group%20(Toddlers)&url=https://events.hmcpl.org/index.php/event/2026-03-27/breastfeeding-support-group-toddlers",403,"Share on Twitter"
"https://events.hmcpl.org/index.php/event/2026-03-27/tech-help","https://twitter.com/intent/tweet?text=Tech%20Help&url=https://events.hmcpl.org/index.php/event/2026-03-27/tech-help",403,"Share on Twitter"
"https://events.hmcpl.org/index.php/event/2026-03-27/all-ages-playtime","https://twitter.com/intent/tweet?text=All%20Ages%20Playtime&url=https://events.hmcpl.org/index.php/event/2026-03-27/all-ages-playtime",403,"Share on Twitter"
"https://events.hmcpl.org/index.php/event/2026-03-27/trivial-pursuit-library","https://twitter.com/intent/tweet?text=Trivial%20Pursuit%20at%20the%20Library%20&url=https://events.hmcpl.org/index.php/event/2026-03-27/trivial-pursuit-library",403,"Share on Twitter"
"https://events.hmcpl.org/index.php/event/2026-03-27/fabclub","https://twitter.com/intent/tweet?text=FABclub&url=https://events.hmcpl.org/index.php/event/2026-03-27/fabclub",403,"Share on Twitter"
"https://events.hmcpl.org/index.php/event/2026-03-27/mahjong-advanced-siamese-style","https://twitter.com/intent/tweet?text=Mahjong:%20Advanced%20Siamese%20Style&url=https://events.hmcpl.org/index.php/event/2026-03-27/mahjong-advanced-siamese-style",403,"Share on Twitter"
"https://events.hmcpl.org/index.php/event/2026-03-27/native-american-history-north-alabama","https://twitter.com/intent/tweet?text=Native%20American%20History%20of%20North%20Alabama&url=https://events.hmcpl.org/index.php/event/2026-03-27/native-american-history-north-alabama",403,"Share on Twitter"
"https://events.hmcpl.org/index.php/event/2026-03-27/canceled-american-mah-jongg","https://twitter.com/intent/tweet?text=Canceled:%20American%20Mah%20Jongg&url=https://events.hmcpl.org/index.php/event/2026-03-27/canceled-american-mah-jongg",403,"Share on Twitter"
"https://events.hmcpl.org/index.php/event/2026-03-27/open-studio-north-huntsville-makerspace-studio","https://twitter.com/intent/tweet?text=Open%20Studio%20-%20North%20Huntsville%20Makerspace%20Studio&url=https://events.hmcpl.org/index.php/event/2026-03-27/open-studio-north-huntsville-makerspace-studio",403,"Share on Twitter"
"https://events.hmcpl.org/index.php/event/2026-03-27/art-without-rules","https://twitter.com/intent/tweet?text=Art%20Without%20Rules&url=https://events.hmcpl.org/index.php/event/2026-03-27/art-without-rules",403,"Share on Twitter"
"https://events.hmcpl.org/index.php/event/2026-03-28/madison-friends-library-treasures-and-25c-book-sale","https://twitter.com/intent/tweet?text=Madison%20Friends%20of%20the%20Library%20Treasures%20and%2025%C2%A2%20Book%20Sale&url=https://events.hmcpl.org/index.php/event/2026-03-28/madison-friends-library-treasures-and-25c-book-sale",403,"Share on Twitter"
"https://events.hmcpl.org/index.php/event/2026-03-28/south-huntsville-public-library-craft-swap-creative-commons","https://twitter.com/intent/tweet?text=South%20Huntsville%20Public%20Library%20Craft%20Swap%20in%20the%20Creative%20Commons&url=https://events.hmcpl.org/index.php/event/2026-03-28/south-huntsville-public-library-craft-swap-creative-commons",403,"Share on Twitter"
"https://events.hmcpl.org/index.php/event/2026-03-28/sewing-visible-mending","https://twitter.com/intent/tweet?text=Sewing:%20Visible%20Mending&url=https://events.hmcpl.org/index.php/event/2026-03-28/sewing-visible-mending",403,"Share on Twitter"
"https://events.hmcpl.org/index.php/event/2026-03-28/friends-library-easter-egg-hunt","https://twitter.com/intent/tweet?text=Friends%20of%20the%20Library%20Easter%20Egg%20Hunt&url=https://events.hmcpl.org/index.php/event/2026-03-28/friends-library-easter-egg-hunt",403,"Share on Twitter"
"https://events.hmcpl.org/event/2026-03-28/saturday-sillies-craft","https://twitter.com/intent/tweet?text=Saturday%20Sillies%20Craft&url=https://events.hmcpl.org/event/2026-03-28/saturday-sillies-craft",403,"Share on Twitter"
"https://events.hmcpl.org/index.php/event/2026-03-28/sip-and-stitch","https://twitter.com/intent/tweet?text=Sip%20and%20Stitch&url=https://events.hmcpl.org/index.php/event/2026-03-28/sip-and-stitch",403,"Share on Twitter"
"https://events.hmcpl.org/index.php/event/2026-03-28/cherry-blossom-tree-painting-canvas","https://twitter.com/intent/tweet?text=Cherry%20Blossom%20Tree%20Painting%20on%20Canvas&url=https://events.hmcpl.org/index.php/event/2026-03-28/cherry-blossom-tree-painting-canvas",403,"Share on Twitter"
"https://events.hmcpl.org/event/2026-03-28/board-game-builders","https://twitter.com/intent/tweet?text=Board%20Game%20Builders&url=https://events.hmcpl.org/event/2026-03-28/board-game-builders",403,"Share on Twitter"
"https://events.hmcpl.org/event/2026-03-29/mccl-sunday-adult-chess-club","https://twitter.com/intent/tweet?text=MCCL%20Sunday%20Adult%20Chess%20Club&url=https://events.hmcpl.org/event/2026-03-29/mccl-sunday-adult-chess-club",403,"Share on Twitter"
"https://events.hmcpl.org/index.php/event/2026-03-30/baby-lapsit","https://twitter.com/intent/tweet?text=Baby%20Lapsit&url=https://events.hmcpl.org/index.php/event/2026-03-30/baby-lapsit",403,"Share on Twitter"
"https://events.hmcpl.org/index.php/event/2026-03-30/first-steps-storytime","https://twitter.com/intent/tweet?text=First%20Steps%20Storytime&url=https://events.hmcpl.org/index.php/event/2026-03-30/first-steps-storytime",403,"Share on Twitter"
"https://events.hmcpl.org/index.php/event/2026-03-30/homeschool-artist-education","https://twitter.com/intent/tweet?text=Homeschool%20Art(ist)%20Education&url=https://events.hmcpl.org/index.php/event/2026-03-30/homeschool-artist-education",403,"Share on Twitter"
"https://events.hmcpl.org/index.php/event/2026-03-30/ready-set-kindergarten","https://twitter.com/intent/tweet?text=Ready,%20Set,%20Kindergarten&url=https://events.hmcpl.org/index.php/event/2026-03-30/ready-set-kindergarten",403,"Share on Twitter"
"https://events.hmcpl.org/index.php/event/2026-03-30/breastfeeding-support-group","https://twitter.com/intent/tweet?text=Breastfeeding%20Support%20Group&url=https://events.hmcpl.org/index.php/event/2026-03-30/breastfeeding-support-group",403,"Share on Twitter"
"https://events.hmcpl.org/index.php/event/2026-03-30/jigsaw-puzzle-club","https://twitter.com/intent/tweet?text=Jigsaw%20Puzzle%20Club&url=https://events.hmcpl.org/index.php/event/2026-03-30/jigsaw-puzzle-club",403,"Share on Twitter"
"https://events.hmcpl.org/index.php/event/2026-03-30/american-mah-jongg","https://twitter.com/intent/tweet?text=American%20Mah%20Jongg&url=https://events.hmcpl.org/index.php/event/2026-03-30/american-mah-jongg",403,"Share on Twitter"
"https://events.hmcpl.org/index.php/event/2026-03-30/tech-help","https://twitter.com/intent/tweet?text=Tech%20Help&url=https://events.hmcpl.org/index.php/event/2026-03-30/tech-help",403,"Share on Twitter"
"https://events.hmcpl.org/index.php/event/2026-03-30/homeschool-artist-education-0","https://twitter.com/intent/tweet?text=Homeschool%20Art(ist)%20Education&url=https://events.hmcpl.org/index.php/event/2026-03-30/homeschool-artist-education-0",403,"Share on Twitter"
"https://events.hmcpl.org/event/2026-03-23/canceled-english-conversation-club-session-4","https://twitter.com/intent/tweet?text=CANCELED:%20English%20Conversation%20Club:%20Session%204&url=https://events.hmcpl.org/event/2026-03-23/canceled-english-conversation-club-session-4",403,"Share on Twitter"